time,x,y
0,0,0
0,0.1,0
0,0.2,0
0,0.3,0
0,0.4,0
0,0.5,0
0,0.6,0
0,0.7,0
0,0.8,0
0,0.9,0
0,1,0
0,0,0.1
0,0.1,0.1
0,0.2,0.1
0,0.3,0.1
0,0.4,0.1
0,0.5,0.1
0,0.6,0.1
0,0.7,0.1
0,0.8,0.1
0,0.9,0.1
0,1,0.1
0,0,0.2
0,0.1,0.2
0,0.2,0.2
0,0.3,0.2
0,0.4,0.2
0,0.5,0.2
0,0.6,0.2
0,0.7,0.2
0,0.8,0.2
0,0.9,0.2
0,1,0.2
0,0,0.3
0,0.1,0.3
0,0.2,0.3
0,0.3,0.3
0,0.4,0.3
0,0.5,0.3
0,0.6,0.3
0,0.7,0.3
0,0.8,0.3
0,0.9,0.3
0,1,0.3
0,0,0.4
0,0.1,0.4
0,0.2,0.4
0,0.3,0.4
0,0.4,0.4
0,0.5,0.4
0,0.6,0.4
0,0.7,0.4
0,0.8,0.4
0,0.9,0.4
0,1,0.4
0,0,0.5
0,0.1,0.5
0,0.2,0.5
0,0.3,0.5
0,0.4,0.5
0,0.5,0.5
0,0.6,0.5
0,0.7,0.5
0,0.8,0.5
0,0.9,0.5
0,1,0.5
0,0,0.6
0,0.1,0.6
0,0.2,0.6
0,0.3,0.6
0,0.4,0.6
0,0.5,0.6
0,0.6,0.6
0,0.7,0.6
0,0.8,0.6
0,0.9,0.6
0,1,0.6
0,0,0.7
0,0.1,0.7
0,0.2,0.7
0,0.3,0.7
0,0.4,0.7
0,0.5,0.7
0,0.6,0.7
0,0.7,0.7
0,0.8,0.7
0,0.9,0.7
0,1,0.7
0,0,0.8
0,0.1,0.8
0,0.2,0.8
0,0.3,0.8
0,0.4,0.8
0,0.5,0.8
0,0.6,0.8
0,0.7,0.8
0,0.8,0.8
0,0.9,0.8
0,1,0.8
0,0,0.9
0,0.1,0.9
0,0.2,0.9
0,0.3,0.9
0,0.4,0.9
0,0.5,0.9
0,0.6,0.9
0,0.7,0.9
0,0.8,0.9
0,0.9,0.9
0,1,0.9
0,0,1
0,0.1,1
0,0.2,1
0,0.3,1
0,0.4,1
0,0.5,1
0,0.6,1
0,0.7,1
0,0.8,1
0,0.9,1
0,1,1
0.08,0,0
0.08,0.1,0
0.08,0.2,0
0.08,0.3,0
0.08,0.4,0
0.08,0.5,0
0.08,0.6,0
0.08,0.7,0
0.08,0.8,0
0.08,0.9,0
0.08,1,0
0.08,0,0.1
0.08,0.1,0.1
0.08,0.2,0.1
0.08,0.3,0.1
0.08,0.4,0.1
0.08,0.5,0.1
0.08,0.6,0.1
0.08,0.7,0.1
0.08,0.8,0.1
0.08,0.9,0.1
0.08,1,0.1
0.08,0,0.2
0.08,0.1,0.2
0.08,0.2,0.2
0.08,0.3,0.2
0.08,0.4,0.2
0.08,0.5,0.2
0.08,0.6,0.2
0.08,0.7,0.2
0.08,0.8,0.2
0.08,0.9,0.2
0.08,1,0.2
0.08,0,0.3
0.08,0.1,0.3
0.08,0.2,0.3
0.08,0.3,0.3
0.08,0.4,0.3
0.08,0.5,0.3
0.08,0.6,0.3
0.08,0.7,0.3
0.08,0.8,0.3
0.08,0.9,0.3
0.08,1,0.3
0.08,0,0.4
0.08,0.1,0.4
0.08,0.2,0.4
0.08,0.3,0.4
0.08,0.4,0.4
0.08,0.5,0.4
0.08,0.6,0.4
0.08,0.7,0.4
0.08,0.8,0.4
0.08,0.9,0.4
0.08,1,0.4
0.08,0,0.5
0.08,0.1,0.5
0.08,0.2,0.5
0.08,0.3,0.5
0.08,0.4,0.5
0.08,0.5,0.5
0.08,0.6,0.5
0.08,0.7,0.5
0.08,0.8,0.5
0.08,0.9,0.5
0.08,1,0.5
0.08,0,0.6
0.08,0.1,0.6
0.08,0.2,0.6
0.08,0.3,0.6
0.08,0.4,0.6
0.08,0.5,0.6
0.08,0.6,0.6
0.08,0.7,0.6
0.08,0.8,0.6
0.08,0.9,0.6
0.08,1,0.6
0.08,0,0.7
0.08,0.1,0.7
0.08,0.2,0.7
0.08,0.3,0.7
0.08,0.4,0.7
0.08,0.5,0.7
0.08,0.6,0.7
0.08,0.7,0.7
0.08,0.8,0.7
0.08,0.9,0.7
0.08,1,0.7
0.08,0,0.8
0.08,0.1,0.8
0.08,0.2,0.8
0.08,0.3,0.8
0.08,0.4,0.8
0.08,0.5,0.8
0.08,0.6,0.8
0.08,0.7,0.8
0.08,0.8,0.8
0.08,0.9,0.8
0.08,1,0.8
0.08,0,0.9
0.08,0.1,0.9
0.08,0.2,0.9
0.08,0.3,0.9
0.08,0.4,0.9
0.08,0.5,0.9
0.08,0.6,0.9
0.08,0.7,0.9
0.08,0.8,0.9
0.08,0.9,0.9
0.08,1,0.9
0.08,0,1
0.08,0.1,1
0.08,0.2,1
0.08,0.3,1
0.08,0.4,1
0.08,0.5,1
0.08,0.6,1
0.08,0.7,1
0.08,0.8,1
0.08,0.9,1
0.08,1,1
0.16,0,0
0.16,0.1,0
0.16,0.2,0
0.16,0.3,0
0.16,0.4,0
0.16,0.5,0
0.16,0.6,0
0.16,0.7,0
0.16,0.8,0
0.16,0.9,0
0.16,1,0
0.16,0,0.1
0.16,0.1,0.1
0.16,0.2,0.1
0.16,0.3,0.1
0.16,0.4,0.1
0.16,0.5,0.1
0.16,0.6,0.1
0.16,0.7,0.1
0.16,0.8,0.1
0.16,0.9,0.1
0.16,1,0.1
0.16,0,0.2
0.16,0.1,0.2
0.16,0.2,0.2
0.16,0.3,0.2
0.16,0.4,0.2
0.16,0.5,0.2
0.16,0.6,0.2
0.16,0.7,0.2
0.16,0.8,0.2
0.16,0.9,0.2
0.16,1,0.2
0.16,0,0.3
0.16,0.1,0.3
0.16,0.2,0.3
0.16,0.3,0.3
0.16,0.4,0.3
0.16,0.5,0.3
0.16,0.6,0.3
0.16,0.7,0.3
0.16,0.8,0.3
0.16,0.9,0.3
0.16,1,0.3
0.16,0,0.4
0.16,0.1,0.4
0.16,0.2,0.4
0.16,0.3,0.4
0.16,0.4,0.4
0.16,0.5,0.4
0.16,0.6,0.4
0.16,0.7,0.4
0.16,0.8,0.4
0.16,0.9,0.4
0.16,1,0.4
0.16,0,0.5
0.16,0.1,0.5
0.16,0.2,0.5
0.16,0.3,0.5
0.16,0.4,0.5
0.16,0.5,0.5
0.16,0.6,0.5
0.16,0.7,0.5
0.16,0.8,0.5
0.16,0.9,0.5
0.16,1,0.5
0.16,0,0.6
0.16,0.1,0.6
0.16,0.2,0.6
0.16,0.3,0.6
0.16,0.4,0.6
0.16,0.5,0.6
0.16,0.6,0.6
0.16,0.7,0.6
0.16,0.8,0.6
0.16,0.9,0.6
0.16,1,0.6
0.16,0,0.7
0.16,0.1,0.7
0.16,0.2,0.7
0.16,0.3,0.7
0.16,0.4,0.7
0.16,0.5,0.7
0.16,0.6,0.7
0.16,0.7,0.7
0.16,0.8,0.7
0.16,0.9,0.7
0.16,1,0.7
0.16,0,0.8
0.16,0.1,0.8
0.16,0.2,0.8
0.16,0.3,0.8
0.16,0.4,0.8
0.16,0.5,0.8
0.16,0.6,0.8
0.16,0.7,0.8
0.16,0.8,0.8
0.16,0.9,0.8
0.16,1,0.8
0.16,0,0.9
0.16,0.1,0.9
0.16,0.2,0.9
0.16,0.3,0.9
0.16,0.4,0.9
0.16,0.5,0.9
0.16,0.6,0.9
0.16,0.7,0.9
0.16,0.8,0.9
0.16,0.9,0.9
0.16,1,0.9
0.16,0,1
0.16,0.1,1
0.16,0.2,1
0.16,0.3,1
0.16,0.4,1
0.16,0.5,1
0.16,0.6,1
0.16,0.7,1
0.16,0.8,1
0.16,0.9,1
0.16,1,1
0.24,0,0
0.24,0.1,0
0.24,0.2,0
0.24,0.3,0
0.24,0.4,0
0.24,0.5,0
0.24,0.6,0
0.24,0.7,0
0.24,0.8,0
0.24,0.9,0
0.24,1,0
0.24,0,0.1
0.24,0.1,0.1
0.24,0.2,0.1
0.24,0.3,0.1
0.24,0.4,0.1
0.24,0.5,0.1
0.24,0.6,0.1
0.24,0.7,0.1
0.24,0.8,0.1
0.24,0.9,0.1
0.24,1,0.1
0.24,0,0.2
0.24,0.1,0.2
0.24,0.2,0.2
0.24,0.3,0.2
0.24,0.4,0.2
0.24,0.5,0.2
0.24,0.6,0.2
0.24,0.7,0.2
0.24,0.8,0.2
0.24,0.9,0.2
0.24,1,0.2
0.24,0,0.3
0.24,0.1,0.3
0.24,0.2,0.3
0.24,0.3,0.3
0.24,0.4,0.3
0.24,0.5,0.3
0.24,0.6,0.3
0.24,0.7,0.3
0.24,0.8,0.3
0.24,0.9,0.3
0.24,1,0.3
0.24,0,0.4
0.24,0.1,0.4
0.24,0.2,0.4
0.24,0.3,0.4
0.24,0.4,0.4
0.24,0.5,0.4
0.24,0.6,0.4
0.24,0.7,0.4
0.24,0.8,0.4
0.24,0.9,0.4
0.24,1,0.4
0.24,0,0.5
0.24,0.1,0.5
0.24,0.2,0.5
0.24,0.3,0.5
0.24,0.4,0.5
0.24,0.5,0.5
0.24,0.6,0.5
0.24,0.7,0.5
0.24,0.8,0.5
0.24,0.9,0.5
0.24,1,0.5
0.24,0,0.6
0.24,0.1,0.6
0.24,0.2,0.6
0.24,0.3,0.6
0.24,0.4,0.6
0.24,0.5,0.6
0.24,0.6,0.6
0.24,0.7,0.6
0.24,0.8,0.6
0.24,0.9,0.6
0.24,1,0.6
0.24,0,0.7
0.24,0.1,0.7
0.24,0.2,0.7
0.24,0.3,0.7
0.24,0.4,0.7
0.24,0.5,0.7
0.24,0.6,0.7
0.24,0.7,0.7
0.24,0.8,0.7
0.24,0.9,0.7
0.24,1,0.7
0.24,0,0.8
0.24,0.1,0.8
0.24,0.2,0.8
0.24,0.3,0.8
0.24,0.4,0.8
0.24,0.5,0.8
0.24,0.6,0.8
0.24,0.7,0.8
0.24,0.8,0.8
0.24,0.9,0.8
0.24,1,0.8
0.24,0,0.9
0.24,0.1,0.9
0.24,0.2,0.9
0.24,0.3,0.9
0.24,0.4,0.9
0.24,0.5,0.9
0.24,0.6,0.9
0.24,0.7,0.9
0.24,0.8,0.9
0.24,0.9,0.9
0.24,1,0.9
0.24,0,1
0.24,0.1,1
0.24,0.2,1
0.24,0.3,1
0.24,0.4,1
0.24,0.5,1
0.24,0.6,1
0.24,0.7,1
0.24,0.8,1
0.24,0.9,1
0.24,1,1
0.32,0,0
0.32,0.1,0
0.32,0.2,0
0.32,0.3,0
0.32,0.4,0
0.32,0.5,0
0.32,0.6,0
0.32,0.7,0
0.32,0.8,0
0.32,0.9,0
0.32,1,0
0.32,0,0.1
0.32,0.1,0.1
0.32,0.2,0.1
0.32,0.3,0.1
0.32,0.4,0.1
0.32,0.5,0.1
0.32,0.6,0.1
0.32,0.7,0.1
0.32,0.8,0.1
0.32,0.9,0.1
0.32,1,0.1
0.32,0,0.2
0.32,0.1,0.2
0.32,0.2,0.2
0.32,0.3,0.2
0.32,0.4,0.2
0.32,0.5,0.2
0.32,0.6,0.2
0.32,0.7,0.2
0.32,0.8,0.2
0.32,0.9,0.2
0.32,1,0.2
0.32,0,0.3
0.32,0.1,0.3
0.32,0.2,0.3
0.32,0.3,0.3
0.32,0.4,0.3
0.32,0.5,0.3
0.32,0.6,0.3
0.32,0.7,0.3
0.32,0.8,0.3
0.32,0.9,0.3
0.32,1,0.3
0.32,0,0.4
0.32,0.1,0.4
0.32,0.2,0.4
0.32,0.3,0.4
0.32,0.4,0.4
0.32,0.5,0.4
0.32,0.6,0.4
0.32,0.7,0.4
0.32,0.8,0.4
0.32,0.9,0.4
0.32,1,0.4
0.32,0,0.5
0.32,0.1,0.5
0.32,0.2,0.5
0.32,0.3,0.5
0.32,0.4,0.5
0.32,0.5,0.5
0.32,0.6,0.5
0.32,0.7,0.5
0.32,0.8,0.5
0.32,0.9,0.5
0.32,1,0.5
0.32,0,0.6
0.32,0.1,0.6
0.32,0.2,0.6
0.32,0.3,0.6
0.32,0.4,0.6
0.32,0.5,0.6
0.32,0.6,0.6
0.32,0.7,0.6
0.32,0.8,0.6
0.32,0.9,0.6
0.32,1,0.6
0.32,0,0.7
0.32,0.1,0.7
0.32,0.2,0.7
0.32,0.3,0.7
0.32,0.4,0.7
0.32,0.5,0.7
0.32,0.6,0.7
0.32,0.7,0.7
0.32,0.8,0.7
0.32,0.9,0.7
0.32,1,0.7
0.32,0,0.8
0.32,0.1,0.8
0.32,0.2,0.8
0.32,0.3,0.8
0.32,0.4,0.8
0.32,0.5,0.8
0.32,0.6,0.8
0.32,0.7,0.8
0.32,0.8,0.8
0.32,0.9,0.8
0.32,1,0.8
0.32,0,0.9
0.32,0.1,0.9
0.32,0.2,0.9
0.32,0.3,0.9
0.32,0.4,0.9
0.32,0.5,0.9
0.32,0.6,0.9
0.32,0.7,0.9
0.32,0.8,0.9
0.32,0.9,0.9
0.32,1,0.9
0.32,0,1
0.32,0.1,1
0.32,0.2,1
0.32,0.3,1
0.32,0.4,1
0.32,0.5,1
0.32,0.6,1
0.32,0.7,1
0.32,0.8,1
0.32,0.9,1
0.32,1,1
0.4,0,0
0.4,0.1,0
0.4,0.2,0
0.4,0.3,0
0.4,0.4,0
0.4,0.5,0
0.4,0.6,0
0.4,0.7,0
0.4,0.8,0
0.4,0.9,0
0.4,1,0
0.4,0,0.1
0.4,0.1,0.1
0.4,0.2,0.1
0.4,0.3,0.1
0.4,0.4,0.1
0.4,0.5,0.1
0.4,0.6,0.1
0.4,0.7,0.1
0.4,0.8,0.1
0.4,0.9,0.1
0.4,1,0.1
0.4,0,0.2
0.4,0.1,0.2
0.4,0.2,0.2
0.4,0.3,0.2
0.4,0.4,0.2
0.4,0.5,0.2
0.4,0.6,0.2
0.4,0.7,0.2
0.4,0.8,0.2
0.4,0.9,0.2
0.4,1,0.2
0.4,0,0.3
0.4,0.1,0.3
0.4,0.2,0.3
0.4,0.3,0.3
0.4,0.4,0.3
0.4,0.5,0.3
0.4,0.6,0.3
0.4,0.7,0.3
0.4,0.8,0.3
0.4,0.9,0.3
0.4,1,0.3
0.4,0,0.4
0.4,0.1,0.4
0.4,0.2,0.4
0.4,0.3,0.4
0.4,0.4,0.4
0.4,0.5,0.4
0.4,0.6,0.4
0.4,0.7,0.4
0.4,0.8,0.4
0.4,0.9,0.4
0.4,1,0.4
0.4,0,0.5
0.4,0.1,0.5
0.4,0.2,0.5
0.4,0.3,0.5
0.4,0.4,0.5
0.4,0.5,0.5
0.4,0.6,0.5
0.4,0.7,0.5
0.4,0.8,0.5
0.4,0.9,0.5
0.4,1,0.5
0.4,0,0.6
0.4,0.1,0.6
0.4,0.2,0.6
0.4,0.3,0.6
0.4,0.4,0.6
0.4,0.5,0.6
0.4,0.6,0.6
0.4,0.7,0.6
0.4,0.8,0.6
0.4,0.9,0.6
0.4,1,0.6
0.4,0,0.7
0.4,0.1,0.7
0.4,0.2,0.7
0.4,0.3,0.7
0.4,0.4,0.7
0.4,0.5,0.7
0.4,0.6,0.7
0.4,0.7,0.7
0.4,0.8,0.7
0.4,0.9,0.7
0.4,1,0.7
0.4,0,0.8
0.4,0.1,0.8
0.4,0.2,0.8
0.4,0.3,0.8
0.4,0.4,0.8
0.4,0.5,0.8
0.4,0.6,0.8
0.4,0.7,0.8
0.4,0.8,0.8
0.4,0.9,0.8
0.4,1,0.8
0.4,0,0.9
0.4,0.1,0.9
0.4,0.2,0.9
0.4,0.3,0.9
0.4,0.4,0.9
0.4,0.5,0.9
0.4,0.6,0.9
0.4,0.7,0.9
0.4,0.8,0.9
0.4,0.9,0.9
0.4,1,0.9
0.4,0,1
0.4,0.1,1
0.4,0.2,1
0.4,0.3,1
0.4,0.4,1
0.4,0.5,1
0.4,0.6,1
0.4,0.7,1
0.4,0.8,1
0.4,0.9,1
0.4,1,1
0.48,0,0
0.48,0.1,0
0.48,0.2,0
0.48,0.3,0
0.48,0.4,0
0.48,0.5,0
0.48,0.6,0
0.48,0.7,0
0.48,0.8,0
0.48,0.9,0
0.48,1,0
0.48,0,0.1
0.48,0.1,0.1
0.48,0.2,0.1
0.48,0.3,0.1
0.48,0.4,0.1
0.48,0.5,0.1
0.48,0.6,0.1
0.48,0.7,0.1
0.48,0.8,0.1
0.48,0.9,0.1
0.48,1,0.1
0.48,0,0.2
0.48,0.1,0.2
0.48,0.2,0.2
0.48,0.3,0.2
0.48,0.4,0.2
0.48,0.5,0.2
0.48,0.6,0.2
0.48,0.7,0.2
0.48,0.8,0.2
0.48,0.9,0.2
0.48,1,0.2
0.48,0,0.3
0.48,0.1,0.3
0.48,0.2,0.3
0.48,0.3,0.3
0.48,0.4,0.3
0.48,0.5,0.3
0.48,0.6,0.3
0.48,0.7,0.3
0.48,0.8,0.3
0.48,0.9,0.3
0.48,1,0.3
0.48,0,0.4
0.48,0.1,0.4
0.48,0.2,0.4
0.48,0.3,0.4
0.48,0.4,0.4
0.48,0.5,0.4
0.48,0.6,0.4
0.48,0.7,0.4
0.48,0.8,0.4
0.48,0.9,0.4
0.48,1,0.4
0.48,0,0.5
0.48,0.1,0.5
0.48,0.2,0.5
0.48,0.3,0.5
0.48,0.4,0.5
0.48,0.5,0.5
0.48,0.6,0.5
0.48,0.7,0.5
0.48,0.8,0.5
0.48,0.9,0.5
0.48,1,0.5
0.48,0,0.6
0.48,0.1,0.6
0.48,0.2,0.6
0.48,0.3,0.6
0.48,0.4,0.6
0.48,0.5,0.6
0.48,0.6,0.6
0.48,0.7,0.6
0.48,0.8,0.6
0.48,0.9,0.6
0.48,1,0.6
0.48,0,0.7
0.48,0.1,0.7
0.48,0.2,0.7
0.48,0.3,0.7
0.48,0.4,0.7
0.48,0.5,0.7
0.48,0.6,0.7
0.48,0.7,0.7
0.48,0.8,0.7
0.48,0.9,0.7
0.48,1,0.7
0.48,0,0.8
0.48,0.1,0.8
0.48,0.2,0.8
0.48,0.3,0.8
0.48,0.4,0.8
0.48,0.5,0.8
0.48,0.6,0.8
0.48,0.7,0.8
0.48,0.8,0.8
0.48,0.9,0.8
0.48,1,0.8
0.48,0,0.9
0.48,0.1,0.9
0.48,0.2,0.9
0.48,0.3,0.9
0.48,0.4,0.9
0.48,0.5,0.9
0.48,0.6,0.9
0.48,0.7,0.9
0.48,0.8,0.9
0.48,0.9,0.9
0.48,1,0.9
0.48,0,1
0.48,0.1,1
0.48,0.2,1
0.48,0.3,1
0.48,0.4,1
0.48,0.5,1
0.48,0.6,1
0.48,0.7,1
0.48,0.8,1
0.48,0.9,1
0.48,1,1
0.56,0,0
0.56,0.1,0
0.56,0.2,0
0.56,0.3,0
0.56,0.4,0
0.56,0.5,0
0.56,0.6,0
0.56,0.7,0
0.56,0.8,0
0.56,0.9,0
0.56,1,0
0.56,0,0.1
0.56,0.1,0.1
0.56,0.2,0.1
0.56,0.3,0.1
0.56,0.4,0.1
0.56,0.5,0.1
0.56,0.6,0.1
0.56,0.7,0.1
0.56,0.8,0.1
0.56,0.9,0.1
0.56,1,0.1
0.56,0,0.2
0.56,0.1,0.2
0.56,0.2,0.2
0.56,0.3,0.2
0.56,0.4,0.2
0.56,0.5,0.2
0.56,0.6,0.2
0.56,0.7,0.2
0.56,0.8,0.2
0.56,0.9,0.2
0.56,1,0.2
0.56,0,0.3
0.56,0.1,0.3
0.56,0.2,0.3
0.56,0.3,0.3
0.56,0.4,0.3
0.56,0.5,0.3
0.56,0.6,0.3
0.56,0.7,0.3
0.56,0.8,0.3
0.56,0.9,0.3
0.56,1,0.3
0.56,0,0.4
0.56,0.1,0.4
0.56,0.2,0.4
0.56,0.3,0.4
0.56,0.4,0.4
0.56,0.5,0.4
0.56,0.6,0.4
0.56,0.7,0.4
0.56,0.8,0.4
0.56,0.9,0.4
0.56,1,0.4
0.56,0,0.5
0.56,0.1,0.5
0.56,0.2,0.5
0.56,0.3,0.5
0.56,0.4,0.5
0.56,0.5,0.5
0.56,0.6,0.5
0.56,0.7,0.5
0.56,0.8,0.5
0.56,0.9,0.5
0.56,1,0.5
0.56,0,0.6
0.56,0.1,0.6
0.56,0.2,0.6
0.56,0.3,0.6
0.56,0.4,0.6
0.56,0.5,0.6
0.56,0.6,0.6
0.56,0.7,0.6
0.56,0.8,0.6
0.56,0.9,0.6
0.56,1,0.6
0.56,0,0.7
0.56,0.1,0.7
0.56,0.2,0.7
0.56,0.3,0.7
0.56,0.4,0.7
0.56,0.5,0.7
0.56,0.6,0.7
0.56,0.7,0.7
0.56,0.8,0.7
0.56,0.9,0.7
0.56,1,0.7
0.56,0,0.8
0.56,0.1,0.8
0.56,0.2,0.8
0.56,0.3,0.8
0.56,0.4,0.8
0.56,0.5,0.8
0.56,0.6,0.8
0.56,0.7,0.8
0.56,0.8,0.8
0.56,0.9,0.8
0.56,1,0.8
0.56,0,0.9
0.56,0.1,0.9
0.56,0.2,0.9
0.56,0.3,0.9
0.56,0.4,0.9
0.56,0.5,0.9
0.56,0.6,0.9
0.56,0.7,0.9
0.56,0.8,0.9
0.56,0.9,0.9
0.56,1,0.9
0.56,0,1
0.56,0.1,1
0.56,0.2,1
0.56,0.3,1
0.56,0.4,1
0.56,0.5,1
0.56,0.6,1
0.56,0.7,1
0.56,0.8,1
0.56,0.9,1
0.56,1,1
0.64,0,0
0.64,0.1,0
0.64,0.2,0
0.64,0.3,0
0.64,0.4,0
0.64,0.5,0
0.64,0.6,0
0.64,0.7,0
0.64,0.8,0
0.64,0.9,0
0.64,1,0
0.64,0,0.1
0.64,0.1,0.1
0.64,0.2,0.1
0.64,0.3,0.1
0.64,0.4,0.1
0.64,0.5,0.1
0.64,0.6,0.1
0.64,0.7,0.1
0.64,0.8,0.1
0.64,0.9,0.1
0.64,1,0.1
0.64,0,0.2
0.64,0.1,0.2
0.64,0.2,0.2
0.64,0.3,0.2
0.64,0.4,0.2
0.64,0.5,0.2
0.64,0.6,0.2
0.64,0.7,0.2
0.64,0.8,0.2
0.64,0.9,0.2
0.64,1,0.2
0.64,0,0.3
0.64,0.1,0.3
0.64,0.2,0.3
0.64,0.3,0.3
0.64,0.4,0.3
0.64,0.5,0.3
0.64,0.6,0.3
0.64,0.7,0.3
0.64,0.8,0.3
0.64,0.9,0.3
0.64,1,0.3
0.64,0,0.4
0.64,0.1,0.4
0.64,0.2,0.4
0.64,0.3,0.4
0.64,0.4,0.4
0.64,0.5,0.4
0.64,0.6,0.4
0.64,0.7,0.4
0.64,0.8,0.4
0.64,0.9,0.4
0.64,1,0.4
0.64,0,0.5
0.64,0.1,0.5
0.64,0.2,0.5
0.64,0.3,0.5
0.64,0.4,0.5
0.64,0.5,0.5
0.64,0.6,0.5
0.64,0.7,0.5
0.64,0.8,0.5
0.64,0.9,0.5
0.64,1,0.5
0.64,0,0.6
0.64,0.1,0.6
0.64,0.2,0.6
0.64,0.3,0.6
0.64,0.4,0.6
0.64,0.5,0.6
0.64,0.6,0.6
0.64,0.7,0.6
0.64,0.8,0.6
0.64,0.9,0.6
0.64,1,0.6
0.64,0,0.7
0.64,0.1,0.7
0.64,0.2,0.7
0.64,0.3,0.7
0.64,0.4,0.7
0.64,0.5,0.7
0.64,0.6,0.7
0.64,0.7,0.7
0.64,0.8,0.7
0.64,0.9,0.7
0.64,1,0.7
0.64,0,0.8
0.64,0.1,0.8
0.64,0.2,0.8
0.64,0.3,0.8
0.64,0.4,0.8
0.64,0.5,0.8
0.64,0.6,0.8
0.64,0.7,0.8
0.64,0.8,0.8
0.64,0.9,0.8
0.64,1,0.8
0.64,0,0.9
0.64,0.1,0.9
0.64,0.2,0.9
0.64,0.3,0.9
0.64,0.4,0.9
0.64,0.5,0.9
0.64,0.6,0.9
0.64,0.7,0.9
0.64,0.8,0.9
0.64,0.9,0.9
0.64,1,0.9
0.64,0,1
0.64,0.1,1
0.64,0.2,1
0.64,0.3,1
0.64,0.4,1
0.64,0.5,1
0.64,0.6,1
0.64,0.7,1
0.64,0.8,1
0.64,0.9,1
0.64,1,1
0.72,0,0
0.72,0.1,0
0.72,0.2,0
0.72,0.3,0
0.72,0.4,0
0.72,0.5,0
0.72,0.6,0
0.72,0.7,0
0.72,0.8,0
0.72,0.9,0
0.72,1,0
0.72,0,0.1
0.72,0.1,0.1
0.72,0.2,0.1
0.72,0.3,0.1
0.72,0.4,0.1
0.72,0.5,0.1
0.72,0.6,0.1
0.72,0.7,0.1
0.72,0.8,0.1
0.72,0.9,0.1
0.72,1,0.1
0.72,0,0.2
0.72,0.1,0.2
0.72,0.2,0.2
0.72,0.3,0.2
0.72,0.4,0.2
0.72,0.5,0.2
0.72,0.6,0.2
0.72,0.7,0.2
0.72,0.8,0.2
0.72,0.9,0.2
0.72,1,0.2
0.72,0,0.3
0.72,0.1,0.3
0.72,0.2,0.3
0.72,0.3,0.3
0.72,0.4,0.3
0.72,0.5,0.3
0.72,0.6,0.3
0.72,0.7,0.3
0.72,0.8,0.3
0.72,0.9,0.3
0.72,1,0.3
0.72,0,0.4
0.72,0.1,0.4
0.72,0.2,0.4
0.72,0.3,0.4
0.72,0.4,0.4
0.72,0.5,0.4
0.72,0.6,0.4
0.72,0.7,0.4
0.72,0.8,0.4
0.72,0.9,0.4
0.72,1,0.4
0.72,0,0.5
0.72,0.1,0.5
0.72,0.2,0.5
0.72,0.3,0.5
0.72,0.4,0.5
0.72,0.5,0.5
0.72,0.6,0.5
0.72,0.7,0.5
0.72,0.8,0.5
0.72,0.9,0.5
0.72,1,0.5
0.72,0,0.6
0.72,0.1,0.6
0.72,0.2,0.6
0.72,0.3,0.6
0.72,0.4,0.6
0.72,0.5,0.6
0.72,0.6,0.6
0.72,0.7,0.6
0.72,0.8,0.6
0.72,0.9,0.6
0.72,1,0.6
0.72,0,0.7
0.72,0.1,0.7
0.72,0.2,0.7
0.72,0.3,0.7
0.72,0.4,0.7
0.72,0.5,0.7
0.72,0.6,0.7
0.72,0.7,0.7
0.72,0.8,0.7
0.72,0.9,0.7
0.72,1,0.7
0.72,0,0.8
0.72,0.1,0.8
0.72,0.2,0.8
0.72,0.3,0.8
0.72,0.4,0.8
0.72,0.5,0.8
0.72,0.6,0.8
0.72,0.7,0.8
0.72,0.8,0.8
0.72,0.9,0.8
0.72,1,0.8
0.72,0,0.9
0.72,0.1,0.9
0.72,0.2,0.9
0.72,0.3,0.9
0.72,0.4,0.9
0.72,0.5,0.9
0.72,0.6,0.9
0.72,0.7,0.9
0.72,0.8,0.9
0.72,0.9,0.9
0.72,1,0.9
0.72,0,1
0.72,0.1,1
0.72,0.2,1
0.72,0.3,1
0.72,0.4,1
0.72,0.5,1
0.72,0.6,1
0.72,0.7,1
0.72,0.8,1
0.72,0.9,1
0.72,1,1
0.8,0,0
0.8,0.1,0
0.8,0.2,0
0.8,0.3,0
0.8,0.4,0
0.8,0.5,0
0.8,0.6,0
0.8,0.7,0
0.8,0.8,0
0.8,0.9,0
0.8,1,0
0.8,0,0.1
0.8,0.1,0.1
0.8,0.2,0.1
0.8,0.3,0.1
0.8,0.4,0.1
0.8,0.5,0.1
0.8,0.6,0.1
0.8,0.7,0.1
0.8,0.8,0.1
0.8,0.9,0.1
0.8,1,0.1
0.8,0,0.2
0.8,0.1,0.2
0.8,0.2,0.2
0.8,0.3,0.2
0.8,0.4,0.2
0.8,0.5,0.2
0.8,0.6,0.2
0.8,0.7,0.2
0.8,0.8,0.2
0.8,0.9,0.2
0.8,1,0.2
0.8,0,0.3
0.8,0.1,0.3
0.8,0.2,0.3
0.8,0.3,0.3
0.8,0.4,0.3
0.8,0.5,0.3
0.8,0.6,0.3
0.8,0.7,0.3
0.8,0.8,0.3
0.8,0.9,0.3
0.8,1,0.3
0.8,0,0.4
0.8,0.1,0.4
0.8,0.2,0.4
0.8,0.3,0.4
0.8,0.4,0.4
0.8,0.5,0.4
0.8,0.6,0.4
0.8,0.7,0.4
0.8,0.8,0.4
0.8,0.9,0.4
0.8,1,0.4
0.8,0,0.5
0.8,0.1,0.5
0.8,0.2,0.5
0.8,0.3,0.5
0.8,0.4,0.5
0.8,0.5,0.5
0.8,0.6,0.5
0.8,0.7,0.5
0.8,0.8,0.5
0.8,0.9,0.5
0.8,1,0.5
0.8,0,0.6
0.8,0.1,0.6
0.8,0.2,0.6
0.8,0.3,0.6
0.8,0.4,0.6
0.8,0.5,0.6
0.8,0.6,0.6
0.8,0.7,0.6
0.8,0.8,0.6
0.8,0.9,0.6
0.8,1,0.6
0.8,0,0.7
0.8,0.1,0.7
0.8,0.2,0.7
0.8,0.3,0.7
0.8,0.4,0.7
0.8,0.5,0.7
0.8,0.6,0.7
0.8,0.7,0.7
0.8,0.8,0.7
0.8,0.9,0.7
0.8,1,0.7
0.8,0,0.8
0.8,0.1,0.8
0.8,0.2,0.8
0.8,0.3,0.8
0.8,0.4,0.8
0.8,0.5,0.8
0.8,0.6,0.8
0.8,0.7,0.8
0.8,0.8,0.8
0.8,0.9,0.8
0.8,1,0.8
0.8,0,0.9
0.8,0.1,0.9
0.8,0.2,0.9
0.8,0.3,0.9
0.8,0.4,0.9
0.8,0.5,0.9
0.8,0.6,0.9
0.8,0.7,0.9
0.8,0.8,0.9
0.8,0.9,0.9
0.8,1,0.9
0.8,0,1
0.8,0.1,1
0.8,0.2,1
0.8,0.3,1
0.8,0.4,1
0.8,0.5,1
0.8,0.6,1
0.8,0.7,1
0.8,0.8,1
0.8,0.9,1
0.8,1,1
0.88,0,0
0.88,0.1,0
0.88,0.2,0
0.88,0.3,0
0.88,0.4,0
0.88,0.5,0
0.88,0.6,0
0.88,0.7,0
0.88,0.8,0
0.88,0.9,0
0.88,1,0
0.88,0,0.1
0.88,0.1,0.1
0.88,0.2,0.1
0.88,0.3,0.1
0.88,0.4,0.1
0.88,0.5,0.1
0.88,0.6,0.1
0.88,0.7,0.1
0.88,0.8,0.1
0.88,0.9,0.1
0.88,1,0.1
0.88,0,0.2
0.88,0.1,0.2
0.88,0.2,0.2
0.88,0.3,0.2
0.88,0.4,0.2
0.88,0.5,0.2
0.88,0.6,0.2
0.88,0.7,0.2
0.88,0.8,0.2
0.88,0.9,0.2
0.88,1,0.2
0.88,0,0.3
0.88,0.1,0.3
0.88,0.2,0.3
0.88,0.3,0.3
0.88,0.4,0.3
0.88,0.5,0.3
0.88,0.6,0.3
0.88,0.7,0.3
0.88,0.8,0.3
0.88,0.9,0.3
0.88,1,0.3
0.88,0,0.4
0.88,0.1,0.4
0.88,0.2,0.4
0.88,0.3,0.4
0.88,0.4,0.4
0.88,0.5,0.4
0.88,0.6,0.4
0.88,0.7,0.4
0.88,0.8,0.4
0.88,0.9,0.4
0.88,1,0.4
0.88,0,0.5
0.88,0.1,0.5
0.88,0.2,0.5
0.88,0.3,0.5
0.88,0.4,0.5
0.88,0.5,0.5
0.88,0.6,0.5
0.88,0.7,0.5
0.88,0.8,0.5
0.88,0.9,0.5
0.88,1,0.5
0.88,0,0.6
0.88,0.1,0.6
0.88,0.2,0.6
0.88,0.3,0.6
0.88,0.4,0.6
0.88,0.5,0.6
0.88,0.6,0.6
0.88,0.7,0.6
0.88,0.8,0.6
0.88,0.9,0.6
0.88,1,0.6
0.88,0,0.7
0.88,0.1,0.7
0.88,0.2,0.7
0.88,0.3,0.7
0.88,0.4,0.7
0.88,0.5,0.7
0.88,0.6,0.7
0.88,0.7,0.7
0.88,0.8,0.7
0.88,0.9,0.7
0.88,1,0.7
0.88,0,0.8
0.88,0.1,0.8
0.88,0.2,0.8
0.88,0.3,0.8
0.88,0.4,0.8
0.88,0.5,0.8
0.88,0.6,0.8
0.88,0.7,0.8
0.88,0.8,0.8
0.88,0.9,0.8
0.88,1,0.8
0.88,0,0.9
0.88,0.1,0.9
0.88,0.2,0.9
0.88,0.3,0.9
0.88,0.4,0.9
0.88,0.5,0.9
0.88,0.6,0.9
0.88,0.7,0.9
0.88,0.8,0.9
0.88,0.9,0.9
0.88,1,0.9
0.88,0,1
0.88,0.1,1
0.88,0.2,1
0.88,0.3,1
0.88,0.4,1
0.88,0.5,1
0.88,0.6,1
0.88,0.7,1
0.88,0.8,1
0.88,0.9,1
0.88,1,1
0.96,0,0
0.96,0.1,0
0.96,0.2,0
0.96,0.3,0
0.96,0.4,0
0.96,0.5,0
0.96,0.6,0
0.96,0.7,0
0.96,0.8,0
0.96,0.9,0
0.96,1,0
0.96,0,0.1
0.96,0.1,0.1
0.96,0.2,0.1
0.96,0.3,0.1
0.96,0.4,0.1
0.96,0.5,0.1
0.96,0.6,0.1
0.96,0.7,0.1
0.96,0.8,0.1
0.96,0.9,0.1
0.96,1,0.1
0.96,0,0.2
0.96,0.1,0.2
0.96,0.2,0.2
0.96,0.3,0.2
0.96,0.4,0.2
0.96,0.5,0.2
0.96,0.6,0.2
0.96,0.7,0.2
0.96,0.8,0.2
0.96,0.9,0.2
0.96,1,0.2
0.96,0,0.3
0.96,0.1,0.3
0.96,0.2,0.3
0.96,0.3,0.3
0.96,0.4,0.3
0.96,0.5,0.3
0.96,0.6,0.3
0.96,0.7,0.3
0.96,0.8,0.3
0.96,0.9,0.3
0.96,1,0.3
0.96,0,0.4
0.96,0.1,0.4
0.96,0.2,0.4
0.96,0.3,0.4
0.96,0.4,0.4
0.96,0.5,0.4
0.96,0.6,0.4
0.96,0.7,0.4
0.96,0.8,0.4
0.96,0.9,0.4
0.96,1,0.4
0.96,0,0.5
0.96,0.1,0.5
0.96,0.2,0.5
0.96,0.3,0.5
0.96,0.4,0.5
0.96,0.5,0.5
0.96,0.6,0.5
0.96,0.7,0.5
0.96,0.8,0.5
0.96,0.9,0.5
0.96,1,0.5
0.96,0,0.6
0.96,0.1,0.6
0.96,0.2,0.6
0.96,0.3,0.6
0.96,0.4,0.6
0.96,0.5,0.6
0.96,0.6,0.6
0.96,0.7,0.6
0.96,0.8,0.6
0.96,0.9,0.6
0.96,1,0.6
0.96,0,0.7
0.96,0.1,0.7
0.96,0.2,0.7
0.96,0.3,0.7
0.96,0.4,0.7
0.96,0.5,0.7
0.96,0.6,0.7
0.96,0.7,0.7
0.96,0.8,0.7
0.96,0.9,0.7
0.96,1,0.7
0.96,0,0.8
0.96,0.1,0.8
0.96,0.2,0.8
0.96,0.3,0.8
0.96,0.4,0.8
0.96,0.5,0.8
0.96,0.6,0.8
0.96,0.7,0.8
0.96,0.8,0.8
0.96,0.9,0.8
0.96,1,0.8
0.96,0,0.9
0.96,0.1,0.9
0.96,0.2,0.9
0.96,0.3,0.9
0.96,0.4,0.9
0.96,0.5,0.9
0.96,0.6,0.9
0.96,0.7,0.9
0.96,0.8,0.9
0.96,0.9,0.9
0.96,1,0.9
0.96,0,1
0.96,0.1,1
0.96,0.2,1
0.96,0.3,1
0.96,0.4,1
0.96,0.5,1
0.96,0.6,1
0.96,0.7,1
0.96,0.8,1
0.96,0.9,1
0.96,1,1
1.04,0,0
1.04,0.1,0
1.04,0.2,0
1.04,0.3,0
1.04,0.4,0
1.04,0.5,0
1.04,0.6,0
1.04,0.7,0
1.04,0.8,0
1.04,0.9,0
1.04,1,0
1.04,0,0.1
1.04,0.1,0.1
1.04,0.2,0.1
1.04,0.3,0.1
1.04,0.4,0.1
1.04,0.5,0.1
1.04,0.6,0.1
1.04,0.7,0.1
1.04,0.8,0.1
1.04,0.9,0.1
1.04,1,0.1
1.04,0,0.2
1.04,0.1,0.2
1.04,0.2,0.2
1.04,0.3,0.2
1.04,0.4,0.2
1.04,0.5,0.2
1.04,0.6,0.2
1.04,0.7,0.2
1.04,0.8,0.2
1.04,0.9,0.2
1.04,1,0.2
1.04,0,0.3
1.04,0.1,0.3
1.04,0.2,0.3
1.04,0.3,0.3
1.04,0.4,0.3
1.04,0.5,0.3
1.04,0.6,0.3
1.04,0.7,0.3
1.04,0.8,0.3
1.04,0.9,0.3
1.04,1,0.3
1.04,0,0.4
1.04,0.1,0.4
1.04,0.2,0.4
1.04,0.3,0.4
1.04,0.4,0.4
1.04,0.5,0.4
1.04,0.6,0.4
1.04,0.7,0.4
1.04,0.8,0.4
1.04,0.9,0.4
1.04,1,0.4
1.04,0,0.5
1.04,0.1,0.5
1.04,0.2,0.5
1.04,0.3,0.5
1.04,0.4,0.5
1.04,0.5,0.5
1.04,0.6,0.5
1.04,0.7,0.5
1.04,0.8,0.5
1.04,0.9,0.5
1.04,1,0.5
1.04,0,0.6
1.04,0.1,0.6
1.04,0.2,0.6
1.04,0.3,0.6
1.04,0.4,0.6
1.04,0.5,0.6
1.04,0.6,0.6
1.04,0.7,0.6
1.04,0.8,0.6
1.04,0.9,0.6
1.04,1,0.6
1.04,0,0.7
1.04,0.1,0.7
1.04,0.2,0.7
1.04,0.3,0.7
1.04,0.4,0.7
1.04,0.5,0.7
1.04,0.6,0.7
1.04,0.7,0.7
1.04,0.8,0.7
1.04,0.9,0.7
1.04,1,0.7
1.04,0,0.8
1.04,0.1,0.8
1.04,0.2,0.8
1.04,0.3,0.8
1.04,0.4,0.8
1.04,0.5,0.8
1.04,0.6,0.8
1.04,0.7,0.8
1.04,0.8,0.8
1.04,0.9,0.8
1.04,1,0.8
1.04,0,0.9
1.04,0.1,0.9
1.04,0.2,0.9
1.04,0.3,0.9
1.04,0.4,0.9
1.04,0.5,0.9
1.04,0.6,0.9
1.04,0.7,0.9
1.04,0.8,0.9
1.04,0.9,0.9
1.04,1,0.9
1.04,0,1
1.04,0.1,1
1.04,0.2,1
1.04,0.3,1
1.04,0.4,1
1.04,0.5,1
1.04,0.6,1
1.04,0.7,1
1.04,0.8,1
1.04,0.9,1
1.04,1,1
1.12,0,0
1.12,0.1,0
1.12,0.2,0
1.12,0.3,0
1.12,0.4,0
1.12,0.5,0
1.12,0.6,0
1.12,0.7,0
1.12,0.8,0
1.12,0.9,0
1.12,1,0
1.12,0,0.1
1.12,0.1,0.1
1.12,0.2,0.1
1.12,0.3,0.1
1.12,0.4,0.1
1.12,0.5,0.1
1.12,0.6,0.1
1.12,0.7,0.1
1.12,0.8,0.1
1.12,0.9,0.1
1.12,1,0.1
1.12,0,0.2
1.12,0.1,0.2
1.12,0.2,0.2
1.12,0.3,0.2
1.12,0.4,0.2
1.12,0.5,0.2
1.12,0.6,0.2
1.12,0.7,0.2
1.12,0.8,0.2
1.12,0.9,0.2
1.12,1,0.2
1.12,0,0.3
1.12,0.1,0.3
1.12,0.2,0.3
1.12,0.3,0.3
1.12,0.4,0.3
1.12,0.5,0.3
1.12,0.6,0.3
1.12,0.7,0.3
1.12,0.8,0.3
1.12,0.9,0.3
1.12,1,0.3
1.12,0,0.4
1.12,0.1,0.4
1.12,0.2,0.4
1.12,0.3,0.4
1.12,0.4,0.4
1.12,0.5,0.4
1.12,0.6,0.4
1.12,0.7,0.4
1.12,0.8,0.4
1.12,0.9,0.4
1.12,1,0.4
1.12,0,0.5
1.12,0.1,0.5
1.12,0.2,0.5
1.12,0.3,0.5
1.12,0.4,0.5
1.12,0.5,0.5
1.12,0.6,0.5
1.12,0.7,0.5
1.12,0.8,0.5
1.12,0.9,0.5
1.12,1,0.5
1.12,0,0.6
1.12,0.1,0.6
1.12,0.2,0.6
1.12,0.3,0.6
1.12,0.4,0.6
1.12,0.5,0.6
1.12,0.6,0.6
1.12,0.7,0.6
1.12,0.8,0.6
1.12,0.9,0.6
1.12,1,0.6
1.12,0,0.7
1.12,0.1,0.7
1.12,0.2,0.7
1.12,0.3,0.7
1.12,0.4,0.7
1.12,0.5,0.7
1.12,0.6,0.7
1.12,0.7,0.7
1.12,0.8,0.7
1.12,0.9,0.7
1.12,1,0.7
1.12,0,0.8
1.12,0.1,0.8
1.12,0.2,0.8
1.12,0.3,0.8
1.12,0.4,0.8
1.12,0.5,0.8
1.12,0.6,0.8
1.12,0.7,0.8
1.12,0.8,0.8
1.12,0.9,0.8
1.12,1,0.8
1.12,0,0.9
1.12,0.1,0.9
1.12,0.2,0.9
1.12,0.3,0.9
1.12,0.4,0.9
1.12,0.5,0.9
1.12,0.6,0.9
1.12,0.7,0.9
1.12,0.8,0.9
1.12,0.9,0.9
1.12,1,0.9
1.12,0,1
1.12,0.1,1
1.12,0.2,1
1.12,0.3,1
1.12,0.4,1
1.12,0.5,1
1.12,0.6,1
1.12,0.7,1
1.12,0.8,1
1.12,0.9,1
1.12,1,1
1.2,0,0
1.2,0.1,0
1.2,0.2,0
1.2,0.3,0
1.2,0.4,0
1.2,0.5,0
1.2,0.6,0
1.2,0.7,0
1.2,0.8,0
1.2,0.9,0
1.2,1,0
1.2,0,0.1
1.2,0.1,0.1
1.2,0.2,0.1
1.2,0.3,0.1
1.2,0.4,0.1
1.2,0.5,0.1
1.2,0.6,0.1
1.2,0.7,0.1
1.2,0.8,0.1
1.2,0.9,0.1
1.2,1,0.1
1.2,0,0.2
1.2,0.1,0.2
1.2,0.2,0.2
1.2,0.3,0.2
1.2,0.4,0.2
1.2,0.5,0.2
1.2,0.6,0.2
1.2,0.7,0.2
1.2,0.8,0.2
1.2,0.9,0.2
1.2,1,0.2
1.2,0,0.3
1.2,0.1,0.3
1.2,0.2,0.3
1.2,0.3,0.3
1.2,0.4,0.3
1.2,0.5,0.3
1.2,0.6,0.3
1.2,0.7,0.3
1.2,0.8,0.3
1.2,0.9,0.3
1.2,1,0.3
1.2,0,0.4
1.2,0.1,0.4
1.2,0.2,0.4
1.2,0.3,0.4
1.2,0.4,0.4
1.2,0.5,0.4
1.2,0.6,0.4
1.2,0.7,0.4
1.2,0.8,0.4
1.2,0.9,0.4
1.2,1,0.4
1.2,0,0.5
1.2,0.1,0.5
1.2,0.2,0.5
1.2,0.3,0.5
1.2,0.4,0.5
1.2,0.5,0.5
1.2,0.6,0.5
1.2,0.7,0.5
1.2,0.8,0.5
1.2,0.9,0.5
1.2,1,0.5
1.2,0,0.6
1.2,0.1,0.6
1.2,0.2,0.6
1.2,0.3,0.6
1.2,0.4,0.6
1.2,0.5,0.6
1.2,0.6,0.6
1.2,0.7,0.6
1.2,0.8,0.6
1.2,0.9,0.6
1.2,1,0.6
1.2,0,0.7
1.2,0.1,0.7
1.2,0.2,0.7
1.2,0.3,0.7
1.2,0.4,0.7
1.2,0.5,0.7
1.2,0.6,0.7
1.2,0.7,0.7
1.2,0.8,0.7
1.2,0.9,0.7
1.2,1,0.7
1.2,0,0.8
1.2,0.1,0.8
1.2,0.2,0.8
1.2,0.3,0.8
1.2,0.4,0.8
1.2,0.5,0.8
1.2,0.6,0.8
1.2,0.7,0.8
1.2,0.8,0.8
1.2,0.9,0.8
1.2,1,0.8
1.2,0,0.9
1.2,0.1,0.9
1.2,0.2,0.9
1.2,0.3,0.9
1.2,0.4,0.9
1.2,0.5,0.9
1.2,0.6,0.9
1.2,0.7,0.9
1.2,0.8,0.9
1.2,0.9,0.9
1.2,1,0.9
1.2,0,1
1.2,0.1,1
1.2,0.2,1
1.2,0.3,1
1.2,0.4,1
1.2,0.5,1
1.2,0.6,1
1.2,0.7,1
1.2,0.8,1
1.2,0.9,1
1.2,1,1
1.28,0,0
1.28,0.1,0
1.28,0.2,0
1.28,0.3,0
1.28,0.4,0
1.28,0.5,0
1.28,0.6,0
1.28,0.7,0
1.28,0.8,0
1.28,0.9,0
1.28,1,0
1.28,0,0.1
1.28,0.1,0.1
1.28,0.2,0.1
1.28,0.3,0.1
1.28,0.4,0.1
1.28,0.5,0.1
1.28,0.6,0.1
1.28,0.7,0.1
1.28,0.8,0.1
1.28,0.9,0.1
1.28,1,0.1
1.28,0,0.2
1.28,0.1,0.2
1.28,0.2,0.2
1.28,0.3,0.2
1.28,0.4,0.2
1.28,0.5,0.2
1.28,0.6,0.2
1.28,0.7,0.2
1.28,0.8,0.2
1.28,0.9,0.2
1.28,1,0.2
1.28,0,0.3
1.28,0.1,0.3
1.28,0.2,0.3
1.28,0.3,0.3
1.28,0.4,0.3
1.28,0.5,0.3
1.28,0.6,0.3
1.28,0.7,0.3
1.28,0.8,0.3
1.28,0.9,0.3
1.28,1,0.3
1.28,0,0.4
1.28,0.1,0.4
1.28,0.2,0.4
1.28,0.3,0.4
1.28,0.4,0.4
1.28,0.5,0.4
1.28,0.6,0.4
1.28,0.7,0.4
1.28,0.8,0.4
1.28,0.9,0.4
1.28,1,0.4
1.28,0,0.5
1.28,0.1,0.5
1.28,0.2,0.5
1.28,0.3,0.5
1.28,0.4,0.5
1.28,0.5,0.5
1.28,0.6,0.5
1.28,0.7,0.5
1.28,0.8,0.5
1.28,0.9,0.5
1.28,1,0.5
1.28,0,0.6
1.28,0.1,0.6
1.28,0.2,0.6
1.28,0.3,0.6
1.28,0.4,0.6
1.28,0.5,0.6
1.28,0.6,0.6
1.28,0.7,0.6
1.28,0.8,0.6
1.28,0.9,0.6
1.28,1,0.6
1.28,0,0.7
1.28,0.1,0.7
1.28,0.2,0.7
1.28,0.3,0.7
1.28,0.4,0.7
1.28,0.5,0.7
1.28,0.6,0.7
1.28,0.7,0.7
1.28,0.8,0.7
1.28,0.9,0.7
1.28,1,0.7
1.28,0,0.8
1.28,0.1,0.8
1.28,0.2,0.8
1.28,0.3,0.8
1.28,0.4,0.8
1.28,0.5,0.8
1.28,0.6,0.8
1.28,0.7,0.8
1.28,0.8,0.8
1.28,0.9,0.8
1.28,1,0.8
1.28,0,0.9
1.28,0.1,0.9
1.28,0.2,0.9
1.28,0.3,0.9
1.28,0.4,0.9
1.28,0.5,0.9
1.28,0.6,0.9
1.28,0.7,0.9
1.28,0.8,0.9
1.28,0.9,0.9
1.28,1,0.9
1.28,0,1
1.28,0.1,1
1.28,0.2,1
1.28,0.3,1
1.28,0.4,1
1.28,0.5,1
1.28,0.6,1
1.28,0.7,1
1.28,0.8,1
1.28,0.9,1
1.28,1,1
1.36,0,0
1.36,0.1,0
1.36,0.2,0
1.36,0.3,0
1.36,0.4,0
1.36,0.5,0
1.36,0.6,0
1.36,0.7,0
1.36,0.8,0
1.36,0.9,0
1.36,1,0
1.36,0,0.1
1.36,0.1,0.1
1.36,0.2,0.1
1.36,0.3,0.1
1.36,0.4,0.1
1.36,0.5,0.1
1.36,0.6,0.1
1.36,0.7,0.1
1.36,0.8,0.1
1.36,0.9,0.1
1.36,1,0.1
1.36,0,0.2
1.36,0.1,0.2
1.36,0.2,0.2
1.36,0.3,0.2
1.36,0.4,0.2
1.36,0.5,0.2
1.36,0.6,0.2
1.36,0.7,0.2
1.36,0.8,0.2
1.36,0.9,0.2
1.36,1,0.2
1.36,0,0.3
1.36,0.1,0.3
1.36,0.2,0.3
1.36,0.3,0.3
1.36,0.4,0.3
1.36,0.5,0.3
1.36,0.6,0.3
1.36,0.7,0.3
1.36,0.8,0.3
1.36,0.9,0.3
1.36,1,0.3
1.36,0,0.4
1.36,0.1,0.4
1.36,0.2,0.4
1.36,0.3,0.4
1.36,0.4,0.4
1.36,0.5,0.4
1.36,0.6,0.4
1.36,0.7,0.4
1.36,0.8,0.4
1.36,0.9,0.4
1.36,1,0.4
1.36,0,0.5
1.36,0.1,0.5
1.36,0.2,0.5
1.36,0.3,0.5
1.36,0.4,0.5
1.36,0.5,0.5
1.36,0.6,0.5
1.36,0.7,0.5
1.36,0.8,0.5
1.36,0.9,0.5
1.36,1,0.5
1.36,0,0.6
1.36,0.1,0.6
1.36,0.2,0.6
1.36,0.3,0.6
1.36,0.4,0.6
1.36,0.5,0.6
1.36,0.6,0.6
1.36,0.7,0.6
1.36,0.8,0.6
1.36,0.9,0.6
1.36,1,0.6
1.36,0,0.7
1.36,0.1,0.7
1.36,0.2,0.7
1.36,0.3,0.7
1.36,0.4,0.7
1.36,0.5,0.7
1.36,0.6,0.7
1.36,0.7,0.7
1.36,0.8,0.7
1.36,0.9,0.7
1.36,1,0.7
1.36,0,0.8
1.36,0.1,0.8
1.36,0.2,0.8
1.36,0.3,0.8
1.36,0.4,0.8
1.36,0.5,0.8
1.36,0.6,0.8
1.36,0.7,0.8
1.36,0.8,0.8
1.36,0.9,0.8
1.36,1,0.8
1.36,0,0.9
1.36,0.1,0.9
1.36,0.2,0.9
1.36,0.3,0.9
1.36,0.4,0.9
1.36,0.5,0.9
1.36,0.6,0.9
1.36,0.7,0.9
1.36,0.8,0.9
1.36,0.9,0.9
1.36,1,0.9
1.36,0,1
1.36,0.1,1
1.36,0.2,1
1.36,0.3,1
1.36,0.4,1
1.36,0.5,1
1.36,0.6,1
1.36,0.7,1
1.36,0.8,1
1.36,0.9,1
1.36,1,1
1.44,0,0
1.44,0.1,0
1.44,0.2,0
1.44,0.3,0
1.44,0.4,0
1.44,0.5,0
1.44,0.6,0
1.44,0.7,0
1.44,0.8,0
1.44,0.9,0
1.44,1,0
1.44,0,0.1
1.44,0.1,0.1
1.44,0.2,0.1
1.44,0.3,0.1
1.44,0.4,0.1
1.44,0.5,0.1
1.44,0.6,0.1
1.44,0.7,0.1
1.44,0.8,0.1
1.44,0.9,0.1
1.44,1,0.1
1.44,0,0.2
1.44,0.1,0.2
1.44,0.2,0.2
1.44,0.3,0.2
1.44,0.4,0.2
1.44,0.5,0.2
1.44,0.6,0.2
1.44,0.7,0.2
1.44,0.8,0.2
1.44,0.9,0.2
1.44,1,0.2
1.44,0,0.3
1.44,0.1,0.3
1.44,0.2,0.3
1.44,0.3,0.3
1.44,0.4,0.3
1.44,0.5,0.3
1.44,0.6,0.3
1.44,0.7,0.3
1.44,0.8,0.3
1.44,0.9,0.3
1.44,1,0.3
1.44,0,0.4
1.44,0.1,0.4
1.44,0.2,0.4
1.44,0.3,0.4
1.44,0.4,0.4
1.44,0.5,0.4
1.44,0.6,0.4
1.44,0.7,0.4
1.44,0.8,0.4
1.44,0.9,0.4
1.44,1,0.4
1.44,0,0.5
1.44,0.1,0.5
1.44,0.2,0.5
1.44,0.3,0.5
1.44,0.4,0.5
1.44,0.5,0.5
1.44,0.6,0.5
1.44,0.7,0.5
1.44,0.8,0.5
1.44,0.9,0.5
1.44,1,0.5
1.44,0,0.6
1.44,0.1,0.6
1.44,0.2,0.6
1.44,0.3,0.6
1.44,0.4,0.6
1.44,0.5,0.6
1.44,0.6,0.6
1.44,0.7,0.6
1.44,0.8,0.6
1.44,0.9,0.6
1.44,1,0.6
1.44,0,0.7
1.44,0.1,0.7
1.44,0.2,0.7
1.44,0.3,0.7
1.44,0.4,0.7
1.44,0.5,0.7
1.44,0.6,0.7
1.44,0.7,0.7
1.44,0.8,0.7
1.44,0.9,0.7
1.44,1,0.7
1.44,0,0.8
1.44,0.1,0.8
1.44,0.2,0.8
1.44,0.3,0.8
1.44,0.4,0.8
1.44,0.5,0.8
1.44,0.6,0.8
1.44,0.7,0.8
1.44,0.8,0.8
1.44,0.9,0.8
1.44,1,0.8
1.44,0,0.9
1.44,0.1,0.9
1.44,0.2,0.9
1.44,0.3,0.9
1.44,0.4,0.9
1.44,0.5,0.9
1.44,0.6,0.9
1.44,0.7,0.9
1.44,0.8,0.9
1.44,0.9,0.9
1.44,1,0.9
1.44,0,1
1.44,0.1,1
1.44,0.2,1
1.44,0.3,1
1.44,0.4,1
1.44,0.5,1
1.44,0.6,1
1.44,0.7,1
1.44,0.8,1
1.44,0.9,1
1.44,1,1
1.52,0,0
1.52,0.1,0
1.52,0.2,0
1.52,0.3,0
1.52,0.4,0
1.52,0.5,0
1.52,0.6,0
1.52,0.7,0
1.52,0.8,0
1.52,0.9,0
1.52,1,0
1.52,0,0.1
1.52,0.1,0.1
1.52,0.2,0.1
1.52,0.3,0.1
1.52,0.4,0.1
1.52,0.5,0.1
1.52,0.6,0.1
1.52,0.7,0.1
1.52,0.8,0.1
1.52,0.9,0.1
1.52,1,0.1
1.52,0,0.2
1.52,0.1,0.2
1.52,0.2,0.2
1.52,0.3,0.2
1.52,0.4,0.2
1.52,0.5,0.2
1.52,0.6,0.2
1.52,0.7,0.2
1.52,0.8,0.2
1.52,0.9,0.2
1.52,1,0.2
1.52,0,0.3
1.52,0.1,0.3
1.52,0.2,0.3
1.52,0.3,0.3
1.52,0.4,0.3
1.52,0.5,0.3
1.52,0.6,0.3
1.52,0.7,0.3
1.52,0.8,0.3
1.52,0.9,0.3
1.52,1,0.3
1.52,0,0.4
1.52,0.1,0.4
1.52,0.2,0.4
1.52,0.3,0.4
1.52,0.4,0.4
1.52,0.5,0.4
1.52,0.6,0.4
1.52,0.7,0.4
1.52,0.8,0.4
1.52,0.9,0.4
1.52,1,0.4
1.52,0,0.5
1.52,0.1,0.5
1.52,0.2,0.5
1.52,0.3,0.5
1.52,0.4,0.5
1.52,0.5,0.5
1.52,0.6,0.5
1.52,0.7,0.5
1.52,0.8,0.5
1.52,0.9,0.5
1.52,1,0.5
1.52,0,0.6
1.52,0.1,0.6
1.52,0.2,0.6
1.52,0.3,0.6
1.52,0.4,0.6
1.52,0.5,0.6
1.52,0.6,0.6
1.52,0.7,0.6
1.52,0.8,0.6
1.52,0.9,0.6
1.52,1,0.6
1.52,0,0.7
1.52,0.1,0.7
1.52,0.2,0.7
1.52,0.3,0.7
1.52,0.4,0.7
1.52,0.5,0.7
1.52,0.6,0.7
1.52,0.7,0.7
1.52,0.8,0.7
1.52,0.9,0.7
1.52,1,0.7
1.52,0,0.8
1.52,0.1,0.8
1.52,0.2,0.8
1.52,0.3,0.8
1.52,0.4,0.8
1.52,0.5,0.8
1.52,0.6,0.8
1.52,0.7,0.8
1.52,0.8,0.8
1.52,0.9,0.8
1.52,1,0.8
1.52,0,0.9
1.52,0.1,0.9
1.52,0.2,0.9
1.52,0.3,0.9
1.52,0.4,0.9
1.52,0.5,0.9
1.52,0.6,0.9
1.52,0.7,0.9
1.52,0.8,0.9
1.52,0.9,0.9
1.52,1,0.9
1.52,0,1
1.52,0.1,1
1.52,0.2,1
1.52,0.3,1
1.52,0.4,1
1.52,0.5,1
1.52,0.6,1
1.52,0.7,1
1.52,0.8,1
1.52,0.9,1
1.52,1,1
1.6,0,0
1.6,0.1,0
1.6,0.2,0
1.6,0.3,0
1.6,0.4,0
1.6,0.5,0
1.6,0.6,0
1.6,0.7,0
1.6,0.8,0
1.6,0.9,0
1.6,1,0
1.6,0,0.1
1.6,0.1,0.1
1.6,0.2,0.1
1.6,0.3,0.1
1.6,0.4,0.1
1.6,0.5,0.1
1.6,0.6,0.1
1.6,0.7,0.1
1.6,0.8,0.1
1.6,0.9,0.1
1.6,1,0.1
1.6,0,0.2
1.6,0.1,0.2
1.6,0.2,0.2
1.6,0.3,0.2
1.6,0.4,0.2
1.6,0.5,0.2
1.6,0.6,0.2
1.6,0.7,0.2
1.6,0.8,0.2
1.6,0.9,0.2
1.6,1,0.2
1.6,0,0.3
1.6,0.1,0.3
1.6,0.2,0.3
1.6,0.3,0.3
1.6,0.4,0.3
1.6,0.5,0.3
1.6,0.6,0.3
1.6,0.7,0.3
1.6,0.8,0.3
1.6,0.9,0.3
1.6,1,0.3
1.6,0,0.4
1.6,0.1,0.4
1.6,0.2,0.4
1.6,0.3,0.4
1.6,0.4,0.4
1.6,0.5,0.4
1.6,0.6,0.4
1.6,0.7,0.4
1.6,0.8,0.4
1.6,0.9,0.4
1.6,1,0.4
1.6,0,0.5
1.6,0.1,0.5
1.6,0.2,0.5
1.6,0.3,0.5
1.6,0.4,0.5
1.6,0.5,0.5
1.6,0.6,0.5
1.6,0.7,0.5
1.6,0.8,0.5
1.6,0.9,0.5
1.6,1,0.5
1.6,0,0.6
1.6,0.1,0.6
1.6,0.2,0.6
1.6,0.3,0.6
1.6,0.4,0.6
1.6,0.5,0.6
1.6,0.6,0.6
1.6,0.7,0.6
1.6,0.8,0.6
1.6,0.9,0.6
1.6,1,0.6
1.6,0,0.7
1.6,0.1,0.7
1.6,0.2,0.7
1.6,0.3,0.7
1.6,0.4,0.7
1.6,0.5,0.7
1.6,0.6,0.7
1.6,0.7,0.7
1.6,0.8,0.7
1.6,0.9,0.7
1.6,1,0.7
1.6,0,0.8
1.6,0.1,0.8
1.6,0.2,0.8
1.6,0.3,0.8
1.6,0.4,0.8
1.6,0.5,0.8
1.6,0.6,0.8
1.6,0.7,0.8
1.6,0.8,0.8
1.6,0.9,0.8
1.6,1,0.8
1.6,0,0.9
1.6,0.1,0.9
1.6,0.2,0.9
1.6,0.3,0.9
1.6,0.4,0.9
1.6,0.5,0.9
1.6,0.6,0.9
1.6,0.7,0.9
1.6,0.8,0.9
1.6,0.9,0.9
1.6,1,0.9
1.6,0,1
1.6,0.1,1
1.6,0.2,1
1.6,0.3,1
1.6,0.4,1
1.6,0.5,1
1.6,0.6,1
1.6,0.7,1
1.6,0.8,1
1.6,0.9,1
1.6,1,1
1.68,0,0
1.68,0.1,0
1.68,0.2,0
1.68,0.3,0
1.68,0.4,0
1.68,0.5,0
1.68,0.6,0
1.68,0.7,0
1.68,0.8,0
1.68,0.9,0
1.68,1,0
1.68,0,0.1
1.68,0.1,0.1
1.68,0.2,0.1
1.68,0.3,0.1
1.68,0.4,0.1
1.68,0.5,0.1
1.68,0.6,0.1
1.68,0.7,0.1
1.68,0.8,0.1
1.68,0.9,0.1
1.68,1,0.1
1.68,0,0.2
1.68,0.1,0.2
1.68,0.2,0.2
1.68,0.3,0.2
1.68,0.4,0.2
1.68,0.5,0.2
1.68,0.6,0.2
1.68,0.7,0.2
1.68,0.8,0.2
1.68,0.9,0.2
1.68,1,0.2
1.68,0,0.3
1.68,0.1,0.3
1.68,0.2,0.3
1.68,0.3,0.3
1.68,0.4,0.3
1.68,0.5,0.3
1.68,0.6,0.3
1.68,0.7,0.3
1.68,0.8,0.3
1.68,0.9,0.3
1.68,1,0.3
1.68,0,0.4
1.68,0.1,0.4
1.68,0.2,0.4
1.68,0.3,0.4
1.68,0.4,0.4
1.68,0.5,0.4
1.68,0.6,0.4
1.68,0.7,0.4
1.68,0.8,0.4
1.68,0.9,0.4
1.68,1,0.4
1.68,0,0.5
1.68,0.1,0.5
1.68,0.2,0.5
1.68,0.3,0.5
1.68,0.4,0.5
1.68,0.5,0.5
1.68,0.6,0.5
1.68,0.7,0.5
1.68,0.8,0.5
1.68,0.9,0.5
1.68,1,0.5
1.68,0,0.6
1.68,0.1,0.6
1.68,0.2,0.6
1.68,0.3,0.6
1.68,0.4,0.6
1.68,0.5,0.6
1.68,0.6,0.6
1.68,0.7,0.6
1.68,0.8,0.6
1.68,0.9,0.6
1.68,1,0.6
1.68,0,0.7
1.68,0.1,0.7
1.68,0.2,0.7
1.68,0.3,0.7
1.68,0.4,0.7
1.68,0.5,0.7
1.68,0.6,0.7
1.68,0.7,0.7
1.68,0.8,0.7
1.68,0.9,0.7
1.68,1,0.7
1.68,0,0.8
1.68,0.1,0.8
1.68,0.2,0.8
1.68,0.3,0.8
1.68,0.4,0.8
1.68,0.5,0.8
1.68,0.6,0.8
1.68,0.7,0.8
1.68,0.8,0.8
1.68,0.9,0.8
1.68,1,0.8
1.68,0,0.9
1.68,0.1,0.9
1.68,0.2,0.9
1.68,0.3,0.9
1.68,0.4,0.9
1.68,0.5,0.9
1.68,0.6,0.9
1.68,0.7,0.9
1.68,0.8,0.9
1.68,0.9,0.9
1.68,1,0.9
1.68,0,1
1.68,0.1,1
1.68,0.2,1
1.68,0.3,1
1.68,0.4,1
1.68,0.5,1
1.68,0.6,1
1.68,0.7,1
1.68,0.8,1
1.68,0.9,1
1.68,1,1
1.76,0,0
1.76,0.1,0
1.76,0.2,0
1.76,0.3,0
1.76,0.4,0
1.76,0.5,0
1.76,0.6,0
1.76,0.7,0
1.76,0.8,0
1.76,0.9,0
1.76,1,0
1.76,0,0.1
1.76,0.1,0.1
1.76,0.2,0.1
1.76,0.3,0.1
1.76,0.4,0.1
1.76,0.5,0.1
1.76,0.6,0.1
1.76,0.7,0.1
1.76,0.8,0.1
1.76,0.9,0.1
1.76,1,0.1
1.76,0,0.2
1.76,0.1,0.2
1.76,0.2,0.2
1.76,0.3,0.2
1.76,0.4,0.2
1.76,0.5,0.2
1.76,0.6,0.2
1.76,0.7,0.2
1.76,0.8,0.2
1.76,0.9,0.2
1.76,1,0.2
1.76,0,0.3
1.76,0.1,0.3
1.76,0.2,0.3
1.76,0.3,0.3
1.76,0.4,0.3
1.76,0.5,0.3
1.76,0.6,0.3
1.76,0.7,0.3
1.76,0.8,0.3
1.76,0.9,0.3
1.76,1,0.3
1.76,0,0.4
1.76,0.1,0.4
1.76,0.2,0.4
1.76,0.3,0.4
1.76,0.4,0.4
1.76,0.5,0.4
1.76,0.6,0.4
1.76,0.7,0.4
1.76,0.8,0.4
1.76,0.9,0.4
1.76,1,0.4
1.76,0,0.5
1.76,0.1,0.5
1.76,0.2,0.5
1.76,0.3,0.5
1.76,0.4,0.5
1.76,0.5,0.5
1.76,0.6,0.5
1.76,0.7,0.5
1.76,0.8,0.5
1.76,0.9,0.5
1.76,1,0.5
1.76,0,0.6
1.76,0.1,0.6
1.76,0.2,0.6
1.76,0.3,0.6
1.76,0.4,0.6
1.76,0.5,0.6
1.76,0.6,0.6
1.76,0.7,0.6
1.76,0.8,0.6
1.76,0.9,0.6
1.76,1,0.6
1.76,0,0.7
1.76,0.1,0.7
1.76,0.2,0.7
1.76,0.3,0.7
1.76,0.4,0.7
1.76,0.5,0.7
1.76,0.6,0.7
1.76,0.7,0.7
1.76,0.8,0.7
1.76,0.9,0.7
1.76,1,0.7
1.76,0,0.8
1.76,0.1,0.8
1.76,0.2,0.8
1.76,0.3,0.8
1.76,0.4,0.8
1.76,0.5,0.8
1.76,0.6,0.8
1.76,0.7,0.8
1.76,0.8,0.8
1.76,0.9,0.8
1.76,1,0.8
1.76,0,0.9
1.76,0.1,0.9
1.76,0.2,0.9
1.76,0.3,0.9
1.76,0.4,0.9
1.76,0.5,0.9
1.76,0.6,0.9
1.76,0.7,0.9
1.76,0.8,0.9
1.76,0.9,0.9
1.76,1,0.9
1.76,0,1
1.76,0.1,1
1.76,0.2,1
1.76,0.3,1
1.76,0.4,1
1.76,0.5,1
1.76,0.6,1
1.76,0.7,1
1.76,0.8,1
1.76,0.9,1
1.76,1,1
1.84,0,0
1.84,0.1,0
1.84,0.2,0
1.84,0.3,0
1.84,0.4,0
1.84,0.5,0
1.84,0.6,0
1.84,0.7,0
1.84,0.8,0
1.84,0.9,0
1.84,1,0
1.84,0,0.1
1.84,0.1,0.1
1.84,0.2,0.1
1.84,0.3,0.1
1.84,0.4,0.1
1.84,0.5,0.1
1.84,0.6,0.1
1.84,0.7,0.1
1.84,0.8,0.1
1.84,0.9,0.1
1.84,1,0.1
1.84,0,0.2
1.84,0.1,0.2
1.84,0.2,0.2
1.84,0.3,0.2
1.84,0.4,0.2
1.84,0.5,0.2
1.84,0.6,0.2
1.84,0.7,0.2
1.84,0.8,0.2
1.84,0.9,0.2
1.84,1,0.2
1.84,0,0.3
1.84,0.1,0.3
1.84,0.2,0.3
1.84,0.3,0.3
1.84,0.4,0.3
1.84,0.5,0.3
1.84,0.6,0.3
1.84,0.7,0.3
1.84,0.8,0.3
1.84,0.9,0.3
1.84,1,0.3
1.84,0,0.4
1.84,0.1,0.4
1.84,0.2,0.4
1.84,0.3,0.4
1.84,0.4,0.4
1.84,0.5,0.4
1.84,0.6,0.4
1.84,0.7,0.4
1.84,0.8,0.4
1.84,0.9,0.4
1.84,1,0.4
1.84,0,0.5
1.84,0.1,0.5
1.84,0.2,0.5
1.84,0.3,0.5
1.84,0.4,0.5
1.84,0.5,0.5
1.84,0.6,0.5
1.84,0.7,0.5
1.84,0.8,0.5
1.84,0.9,0.5
1.84,1,0.5
1.84,0,0.6
1.84,0.1,0.6
1.84,0.2,0.6
1.84,0.3,0.6
1.84,0.4,0.6
1.84,0.5,0.6
1.84,0.6,0.6
1.84,0.7,0.6
1.84,0.8,0.6
1.84,0.9,0.6
1.84,1,0.6
1.84,0,0.7
1.84,0.1,0.7
1.84,0.2,0.7
1.84,0.3,0.7
1.84,0.4,0.7
1.84,0.5,0.7
1.84,0.6,0.7
1.84,0.7,0.7
1.84,0.8,0.7
1.84,0.9,0.7
1.84,1,0.7
1.84,0,0.8
1.84,0.1,0.8
1.84,0.2,0.8
1.84,0.3,0.8
1.84,0.4,0.8
1.84,0.5,0.8
1.84,0.6,0.8
1.84,0.7,0.8
1.84,0.8,0.8
1.84,0.9,0.8
1.84,1,0.8
1.84,0,0.9
1.84,0.1,0.9
1.84,0.2,0.9
1.84,0.3,0.9
1.84,0.4,0.9
1.84,0.5,0.9
1.84,0.6,0.9
1.84,0.7,0.9
1.84,0.8,0.9
1.84,0.9,0.9
1.84,1,0.9
1.84,0,1
1.84,0.1,1
1.84,0.2,1
1.84,0.3,1
1.84,0.4,1
1.84,0.5,1
1.84,0.6,1
1.84,0.7,1
1.84,0.8,1
1.84,0.9,1
1.84,1,1
1.92,0,0
1.92,0.1,0
1.92,0.2,0
1.92,0.3,0
1.92,0.4,0
1.92,0.5,0
1.92,0.6,0
1.92,0.7,0
1.92,0.8,0
1.92,0.9,0
1.92,1,0
1.92,0,0.1
1.92,0.1,0.1
1.92,0.2,0.1
1.92,0.3,0.1
1.92,0.4,0.1
1.92,0.5,0.1
1.92,0.6,0.1
1.92,0.7,0.1
1.92,0.8,0.1
1.92,0.9,0.1
1.92,1,0.1
1.92,0,0.2
1.92,0.1,0.2
1.92,0.2,0.2
1.92,0.3,0.2
1.92,0.4,0.2
1.92,0.5,0.2
1.92,0.6,0.2
1.92,0.7,0.2
1.92,0.8,0.2
1.92,0.9,0.2
1.92,1,0.2
1.92,0,0.3
1.92,0.1,0.3
1.92,0.2,0.3
1.92,0.3,0.3
1.92,0.4,0.3
1.92,0.5,0.3
1.92,0.6,0.3
1.92,0.7,0.3
1.92,0.8,0.3
1.92,0.9,0.3
1.92,1,0.3
1.92,0,0.4
1.92,0.1,0.4
1.92,0.2,0.4
1.92,0.3,0.4
1.92,0.4,0.4
1.92,0.5,0.4
1.92,0.6,0.4
1.92,0.7,0.4
1.92,0.8,0.4
1.92,0.9,0.4
1.92,1,0.4
1.92,0,0.5
1.92,0.1,0.5
1.92,0.2,0.5
1.92,0.3,0.5
1.92,0.4,0.5
1.92,0.5,0.5
1.92,0.6,0.5
1.92,0.7,0.5
1.92,0.8,0.5
1.92,0.9,0.5
1.92,1,0.5
1.92,0,0.6
1.92,0.1,0.6
1.92,0.2,0.6
1.92,0.3,0.6
1.92,0.4,0.6
1.92,0.5,0.6
1.92,0.6,0.6
1.92,0.7,0.6
1.92,0.8,0.6
1.92,0.9,0.6
1.92,1,0.6
1.92,0,0.7
1.92,0.1,0.7
1.92,0.2,0.7
1.92,0.3,0.7
1.92,0.4,0.7
1.92,0.5,0.7
1.92,0.6,0.7
1.92,0.7,0.7
1.92,0.8,0.7
1.92,0.9,0.7
1.92,1,0.7
1.92,0,0.8
1.92,0.1,0.8
1.92,0.2,0.8
1.92,0.3,0.8
1.92,0.4,0.8
1.92,0.5,0.8
1.92,0.6,0.8
1.92,0.7,0.8
1.92,0.8,0.8
1.92,0.9,0.8
1.92,1,0.8
1.92,0,0.9
1.92,0.1,0.9
1.92,0.2,0.9
1.92,0.3,0.9
1.92,0.4,0.9
1.92,0.5,0.9
1.92,0.6,0.9
1.92,0.7,0.9
1.92,0.8,0.9
1.92,0.9,0.9
1.92,1,0.9
1.92,0,1
1.92,0.1,1
1.92,0.2,1
1.92,0.3,1
1.92,0.4,1
1.92,0.5,1
1.92,0.6,1
1.92,0.7,1
1.92,0.8,1
1.92,0.9,1
1.92,1,1
2,0,0
2,0.1,0
2,0.2,0
2,0.3,0
2,0.4,0
2,0.5,0
2,0.6,0
2,0.7,0
2,0.8,0
2,0.9,0
2,1,0
2,0,0.1
2,0.1,0.1
2,0.2,0.1
2,0.3,0.1
2,0.4,0.1
2,0.5,0.1
2,0.6,0.1
2,0.7,0.1
2,0.8,0.1
2,0.9,0.1
2,1,0.1
2,0,0.2
2,0.1,0.2
2,0.2,0.2
2,0.3,0.2
2,0.4,0.2
2,0.5,0.2
2,0.6,0.2
2,0.7,0.2
2,0.8,0.2
2,0.9,0.2
2,1,0.2
2,0,0.3
2,0.1,0.3
2,0.2,0.3
2,0.3,0.3
2,0.4,0.3
2,0.5,0.3
2,0.6,0.3
2,0.7,0.3
2,0.8,0.3
2,0.9,0.3
2,1,0.3
2,0,0.4
2,0.1,0.4
2,0.2,0.4
2,0.3,0.4
2,0.4,0.4
2,0.5,0.4
2,0.6,0.4
2,0.7,0.4
2,0.8,0.4
2,0.9,0.4
2,1,0.4
2,0,0.5
2,0.1,0.5
2,0.2,0.5
2,0.3,0.5
2,0.4,0.5
2,0.5,0.5
2,0.6,0.5
2,0.7,0.5
2,0.8,0.5
2,0.9,0.5
2,1,0.5
2,0,0.6
2,0.1,0.6
2,0.2,0.6
2,0.3,0.6
2,0.4,0.6
2,0.5,0.6
2,0.6,0.6
2,0.7,0.6
2,0.8,0.6
2,0.9,0.6
2,1,0.6
2,0,0.7
2,0.1,0.7
2,0.2,0.7
2,0.3,0.7
2,0.4,0.7
2,0.5,0.7
2,0.6,0.7
2,0.7,0.7
2,0.8,0.7
2,0.9,0.7
2,1,0.7
2,0,0.8
2,0.1,0.8
2,0.2,0.8
2,0.3,0.8
2,0.4,0.8
2,0.5,0.8
2,0.6,0.8
2,0.7,0.8
2,0.8,0.8
2,0.9,0.8
2,1,0.8
2,0,0.9
2,0.1,0.9
2,0.2,0.9
2,0.3,0.9
2,0.4,0.9
2,0.5,0.9
2,0.6,0.9
2,0.7,0.9
2,0.8,0.9
2,0.9,0.9
2,1,0.9
2,0,1
2,0.1,1
2,0.2,1
2,0.3,1
2,0.4,1
2,0.5,1
2,0.6,1
2,0.7,1
2,0.8,1
2,0.9,1
2,1,1
2.08,0,0
2.08,0.1,0
2.08,0.2,0
2.08,0.3,0
2.08,0.4,0
2.08,0.5,0
2.08,0.6,0
2.08,0.7,0
2.08,0.8,0
2.08,0.9,0
2.08,1,0
2.08,0,0.1
2.08,0.1,0.1
2.08,0.2,0.1
2.08,0.3,0.1
2.08,0.4,0.1
2.08,0.5,0.1
2.08,0.6,0.1
2.08,0.7,0.1
2.08,0.8,0.1
2.08,0.9,0.1
2.08,1,0.1
2.08,0,0.2
2.08,0.1,0.2
2.08,0.2,0.2
2.08,0.3,0.2
2.08,0.4,0.2
2.08,0.5,0.2
2.08,0.6,0.2
2.08,0.7,0.2
2.08,0.8,0.2
2.08,0.9,0.2
2.08,1,0.2
2.08,0,0.3
2.08,0.1,0.3
2.08,0.2,0.3
2.08,0.3,0.3
2.08,0.4,0.3
2.08,0.5,0.3
2.08,0.6,0.3
2.08,0.7,0.3
2.08,0.8,0.3
2.08,0.9,0.3
2.08,1,0.3
2.08,0,0.4
2.08,0.1,0.4
2.08,0.2,0.4
2.08,0.3,0.4
2.08,0.4,0.4
2.08,0.5,0.4
2.08,0.6,0.4
2.08,0.7,0.4
2.08,0.8,0.4
2.08,0.9,0.4
2.08,1,0.4
2.08,0,0.5
2.08,0.1,0.5
2.08,0.2,0.5
2.08,0.3,0.5
2.08,0.4,0.5
2.08,0.5,0.5
2.08,0.6,0.5
2.08,0.7,0.5
2.08,0.8,0.5
2.08,0.9,0.5
2.08,1,0.5
2.08,0,0.6
2.08,0.1,0.6
2.08,0.2,0.6
2.08,0.3,0.6
2.08,0.4,0.6
2.08,0.5,0.6
2.08,0.6,0.6
2.08,0.7,0.6
2.08,0.8,0.6
2.08,0.9,0.6
2.08,1,0.6
2.08,0,0.7
2.08,0.1,0.7
2.08,0.2,0.7
2.08,0.3,0.7
2.08,0.4,0.7
2.08,0.5,0.7
2.08,0.6,0.7
2.08,0.7,0.7
2.08,0.8,0.7
2.08,0.9,0.7
2.08,1,0.7
2.08,0,0.8
2.08,0.1,0.8
2.08,0.2,0.8
2.08,0.3,0.8
2.08,0.4,0.8
2.08,0.5,0.8
2.08,0.6,0.8
2.08,0.7,0.8
2.08,0.8,0.8
2.08,0.9,0.8
2.08,1,0.8
2.08,0,0.9
2.08,0.1,0.9
2.08,0.2,0.9
2.08,0.3,0.9
2.08,0.4,0.9
2.08,0.5,0.9
2.08,0.6,0.9
2.08,0.7,0.9
2.08,0.8,0.9
2.08,0.9,0.9
2.08,1,0.9
2.08,0,1
2.08,0.1,1
2.08,0.2,1
2.08,0.3,1
2.08,0.4,1
2.08,0.5,1
2.08,0.6,1
2.08,0.7,1
2.08,0.8,1
2.08,0.9,1
2.08,1,1
2.16,0,0
2.16,0.1,0
2.16,0.2,0
2.16,0.3,0
2.16,0.4,0
2.16,0.5,0
2.16,0.6,0
2.16,0.7,0
2.16,0.8,0
2.16,0.9,0
2.16,1,0
2.16,0,0.1
2.16,0.1,0.1
2.16,0.2,0.1
2.16,0.3,0.1
2.16,0.4,0.1
2.16,0.5,0.1
2.16,0.6,0.1
2.16,0.7,0.1
2.16,0.8,0.1
2.16,0.9,0.1
2.16,1,0.1
2.16,0,0.2
2.16,0.1,0.2
2.16,0.2,0.2
2.16,0.3,0.2
2.16,0.4,0.2
2.16,0.5,0.2
2.16,0.6,0.2
2.16,0.7,0.2
2.16,0.8,0.2
2.16,0.9,0.2
2.16,1,0.2
2.16,0,0.3
2.16,0.1,0.3
2.16,0.2,0.3
2.16,0.3,0.3
2.16,0.4,0.3
2.16,0.5,0.3
2.16,0.6,0.3
2.16,0.7,0.3
2.16,0.8,0.3
2.16,0.9,0.3
2.16,1,0.3
2.16,0,0.4
2.16,0.1,0.4
2.16,0.2,0.4
2.16,0.3,0.4
2.16,0.4,0.4
2.16,0.5,0.4
2.16,0.6,0.4
2.16,0.7,0.4
2.16,0.8,0.4
2.16,0.9,0.4
2.16,1,0.4
2.16,0,0.5
2.16,0.1,0.5
2.16,0.2,0.5
2.16,0.3,0.5
2.16,0.4,0.5
2.16,0.5,0.5
2.16,0.6,0.5
2.16,0.7,0.5
2.16,0.8,0.5
2.16,0.9,0.5
2.16,1,0.5
2.16,0,0.6
2.16,0.1,0.6
2.16,0.2,0.6
2.16,0.3,0.6
2.16,0.4,0.6
2.16,0.5,0.6
2.16,0.6,0.6
2.16,0.7,0.6
2.16,0.8,0.6
2.16,0.9,0.6
2.16,1,0.6
2.16,0,0.7
2.16,0.1,0.7
2.16,0.2,0.7
2.16,0.3,0.7
2.16,0.4,0.7
2.16,0.5,0.7
2.16,0.6,0.7
2.16,0.7,0.7
2.16,0.8,0.7
2.16,0.9,0.7
2.16,1,0.7
2.16,0,0.8
2.16,0.1,0.8
2.16,0.2,0.8
2.16,0.3,0.8
2.16,0.4,0.8
2.16,0.5,0.8
2.16,0.6,0.8
2.16,0.7,0.8
2.16,0.8,0.8
2.16,0.9,0.8
2.16,1,0.8
2.16,0,0.9
2.16,0.1,0.9
2.16,0.2,0.9
2.16,0.3,0.9
2.16,0.4,0.9
2.16,0.5,0.9
2.16,0.6,0.9
2.16,0.7,0.9
2.16,0.8,0.9
2.16,0.9,0.9
2.16,1,0.9
2.16,0,1
2.16,0.1,1
2.16,0.2,1
2.16,0.3,1
2.16,0.4,1
2.16,0.5,1
2.16,0.6,1
2.16,0.7,1
2.16,0.8,1
2.16,0.9,1
2.16,1,1
2.24,0,0
2.24,0.1,0
2.24,0.2,0
2.24,0.3,0
2.24,0.4,0
2.24,0.5,0
2.24,0.6,0
2.24,0.7,0
2.24,0.8,0
2.24,0.9,0
2.24,1,0
2.24,0,0.1
2.24,0.1,0.1
2.24,0.2,0.1
2.24,0.3,0.1
2.24,0.4,0.1
2.24,0.5,0.1
2.24,0.6,0.1
2.24,0.7,0.1
2.24,0.8,0.1
2.24,0.9,0.1
2.24,1,0.1
2.24,0,0.2
2.24,0.1,0.2
2.24,0.2,0.2
2.24,0.3,0.2
2.24,0.4,0.2
2.24,0.5,0.2
2.24,0.6,0.2
2.24,0.7,0.2
2.24,0.8,0.2
2.24,0.9,0.2
2.24,1,0.2
2.24,0,0.3
2.24,0.1,0.3
2.24,0.2,0.3
2.24,0.3,0.3
2.24,0.4,0.3
2.24,0.5,0.3
2.24,0.6,0.3
2.24,0.7,0.3
2.24,0.8,0.3
2.24,0.9,0.3
2.24,1,0.3
2.24,0,0.4
2.24,0.1,0.4
2.24,0.2,0.4
2.24,0.3,0.4
2.24,0.4,0.4
2.24,0.5,0.4
2.24,0.6,0.4
2.24,0.7,0.4
2.24,0.8,0.4
2.24,0.9,0.4
2.24,1,0.4
2.24,0,0.5
2.24,0.1,0.5
2.24,0.2,0.5
2.24,0.3,0.5
2.24,0.4,0.5
2.24,0.5,0.5
2.24,0.6,0.5
2.24,0.7,0.5
2.24,0.8,0.5
2.24,0.9,0.5
2.24,1,0.5
2.24,0,0.6
2.24,0.1,0.6
2.24,0.2,0.6
2.24,0.3,0.6
2.24,0.4,0.6
2.24,0.5,0.6
2.24,0.6,0.6
2.24,0.7,0.6
2.24,0.8,0.6
2.24,0.9,0.6
2.24,1,0.6
2.24,0,0.7
2.24,0.1,0.7
2.24,0.2,0.7
2.24,0.3,0.7
2.24,0.4,0.7
2.24,0.5,0.7
2.24,0.6,0.7
2.24,0.7,0.7
2.24,0.8,0.7
2.24,0.9,0.7
2.24,1,0.7
2.24,0,0.8
2.24,0.1,0.8
2.24,0.2,0.8
2.24,0.3,0.8
2.24,0.4,0.8
2.24,0.5,0.8
2.24,0.6,0.8
2.24,0.7,0.8
2.24,0.8,0.8
2.24,0.9,0.8
2.24,1,0.8
2.24,0,0.9
2.24,0.1,0.9
2.24,0.2,0.9
2.24,0.3,0.9
2.24,0.4,0.9
2.24,0.5,0.9
2.24,0.6,0.9
2.24,0.7,0.9
2.24,0.8,0.9
2.24,0.9,0.9
2.24,1,0.9
2.24,0,1
2.24,0.1,1
2.24,0.2,1
2.24,0.3,1
2.24,0.4,1
2.24,0.5,1
2.24,0.6,1
2.24,0.7,1
2.24,0.8,1
2.24,0.9,1
2.24,1,1
2.32,0,0
2.32,0.1,0
2.32,0.2,0
2.32,0.3,0
2.32,0.4,0
2.32,0.5,0
2.32,0.6,0
2.32,0.7,0
2.32,0.8,0
2.32,0.9,0
2.32,1,0
2.32,0,0.1
2.32,0.1,0.1
2.32,0.2,0.1
2.32,0.3,0.1
2.32,0.4,0.1
2.32,0.5,0.1
2.32,0.6,0.1
2.32,0.7,0.1
2.32,0.8,0.1
2.32,0.9,0.1
2.32,1,0.1
2.32,0,0.2
2.32,0.1,0.2
2.32,0.2,0.2
2.32,0.3,0.2
2.32,0.4,0.2
2.32,0.5,0.2
2.32,0.6,0.2
2.32,0.7,0.2
2.32,0.8,0.2
2.32,0.9,0.2
2.32,1,0.2
2.32,0,0.3
2.32,0.1,0.3
2.32,0.2,0.3
2.32,0.3,0.3
2.32,0.4,0.3
2.32,0.5,0.3
2.32,0.6,0.3
2.32,0.7,0.3
2.32,0.8,0.3
2.32,0.9,0.3
2.32,1,0.3
2.32,0,0.4
2.32,0.1,0.4
2.32,0.2,0.4
2.32,0.3,0.4
2.32,0.4,0.4
2.32,0.5,0.4
2.32,0.6,0.4
2.32,0.7,0.4
2.32,0.8,0.4
2.32,0.9,0.4
2.32,1,0.4
2.32,0,0.5
2.32,0.1,0.5
2.32,0.2,0.5
2.32,0.3,0.5
2.32,0.4,0.5
2.32,0.5,0.5
2.32,0.6,0.5
2.32,0.7,0.5
2.32,0.8,0.5
2.32,0.9,0.5
2.32,1,0.5
2.32,0,0.6
2.32,0.1,0.6
2.32,0.2,0.6
2.32,0.3,0.6
2.32,0.4,0.6
2.32,0.5,0.6
2.32,0.6,0.6
2.32,0.7,0.6
2.32,0.8,0.6
2.32,0.9,0.6
2.32,1,0.6
2.32,0,0.7
2.32,0.1,0.7
2.32,0.2,0.7
2.32,0.3,0.7
2.32,0.4,0.7
2.32,0.5,0.7
2.32,0.6,0.7
2.32,0.7,0.7
2.32,0.8,0.7
2.32,0.9,0.7
2.32,1,0.7
2.32,0,0.8
2.32,0.1,0.8
2.32,0.2,0.8
2.32,0.3,0.8
2.32,0.4,0.8
2.32,0.5,0.8
2.32,0.6,0.8
2.32,0.7,0.8
2.32,0.8,0.8
2.32,0.9,0.8
2.32,1,0.8
2.32,0,0.9
2.32,0.1,0.9
2.32,0.2,0.9
2.32,0.3,0.9
2.32,0.4,0.9
2.32,0.5,0.9
2.32,0.6,0.9
2.32,0.7,0.9
2.32,0.8,0.9
2.32,0.9,0.9
2.32,1,0.9
2.32,0,1
2.32,0.1,1
2.32,0.2,1
2.32,0.3,1
2.32,0.4,1
2.32,0.5,1
2.32,0.6,1
2.32,0.7,1
2.32,0.8,1
2.32,0.9,1
2.32,1,1
2.4,0,0
2.4,0.1,0
2.4,0.2,0
2.4,0.3,0
2.4,0.4,0
2.4,0.5,0
2.4,0.6,0
2.4,0.7,0
2.4,0.8,0
2.4,0.9,0
2.4,1,0
2.4,0,0.1
2.4,0.1,0.1
2.4,0.2,0.1
2.4,0.3,0.1
2.4,0.4,0.1
2.4,0.5,0.1
2.4,0.6,0.1
2.4,0.7,0.1
2.4,0.8,0.1
2.4,0.9,0.1
2.4,1,0.1
2.4,0,0.2
2.4,0.1,0.2
2.4,0.2,0.2
2.4,0.3,0.2
2.4,0.4,0.2
2.4,0.5,0.2
2.4,0.6,0.2
2.4,0.7,0.2
2.4,0.8,0.2
2.4,0.9,0.2
2.4,1,0.2
2.4,0,0.3
2.4,0.1,0.3
2.4,0.2,0.3
2.4,0.3,0.3
2.4,0.4,0.3
2.4,0.5,0.3
2.4,0.6,0.3
2.4,0.7,0.3
2.4,0.8,0.3
2.4,0.9,0.3
2.4,1,0.3
2.4,0,0.4
2.4,0.1,0.4
2.4,0.2,0.4
2.4,0.3,0.4
2.4,0.4,0.4
2.4,0.5,0.4
2.4,0.6,0.4
2.4,0.7,0.4
2.4,0.8,0.4
2.4,0.9,0.4
2.4,1,0.4
2.4,0,0.5
2.4,0.1,0.5
2.4,0.2,0.5
2.4,0.3,0.5
2.4,0.4,0.5
2.4,0.5,0.5
2.4,0.6,0.5
2.4,0.7,0.5
2.4,0.8,0.5
2.4,0.9,0.5
2.4,1,0.5
2.4,0,0.6
2.4,0.1,0.6
2.4,0.2,0.6
2.4,0.3,0.6
2.4,0.4,0.6
2.4,0.5,0.6
2.4,0.6,0.6
2.4,0.7,0.6
2.4,0.8,0.6
2.4,0.9,0.6
2.4,1,0.6
2.4,0,0.7
2.4,0.1,0.7
2.4,0.2,0.7
2.4,0.3,0.7
2.4,0.4,0.7
2.4,0.5,0.7
2.4,0.6,0.7
2.4,0.7,0.7
2.4,0.8,0.7
2.4,0.9,0.7
2.4,1,0.7
2.4,0,0.8
2.4,0.1,0.8
2.4,0.2,0.8
2.4,0.3,0.8
2.4,0.4,0.8
2.4,0.5,0.8
2.4,0.6,0.8
2.4,0.7,0.8
2.4,0.8,0.8
2.4,0.9,0.8
2.4,1,0.8
2.4,0,0.9
2.4,0.1,0.9
2.4,0.2,0.9
2.4,0.3,0.9
2.4,0.4,0.9
2.4,0.5,0.9
2.4,0.6,0.9
2.4,0.7,0.9
2.4,0.8,0.9
2.4,0.9,0.9
2.4,1,0.9
2.4,0,1
2.4,0.1,1
2.4,0.2,1
2.4,0.3,1
2.4,0.4,1
2.4,0.5,1
2.4,0.6,1
2.4,0.7,1
2.4,0.8,1
2.4,0.9,1
2.4,1,1
2.48,0,0
2.48,0.1,0
2.48,0.2,0
2.48,0.3,0
2.48,0.4,0
2.48,0.5,0
2.48,0.6,0
2.48,0.7,0
2.48,0.8,0
2.48,0.9,0
2.48,1,0
2.48,0,0.1
2.48,0.1,0.1
2.48,0.2,0.1
2.48,0.3,0.1
2.48,0.4,0.1
2.48,0.5,0.1
2.48,0.6,0.1
2.48,0.7,0.1
2.48,0.8,0.1
2.48,0.9,0.1
2.48,1,0.1
2.48,0,0.2
2.48,0.1,0.2
2.48,0.2,0.2
2.48,0.3,0.2
2.48,0.4,0.2
2.48,0.5,0.2
2.48,0.6,0.2
2.48,0.7,0.2
2.48,0.8,0.2
2.48,0.9,0.2
2.48,1,0.2
2.48,0,0.3
2.48,0.1,0.3
2.48,0.2,0.3
2.48,0.3,0.3
2.48,0.4,0.3
2.48,0.5,0.3
2.48,0.6,0.3
2.48,0.7,0.3
2.48,0.8,0.3
2.48,0.9,0.3
2.48,1,0.3
2.48,0,0.4
2.48,0.1,0.4
2.48,0.2,0.4
2.48,0.3,0.4
2.48,0.4,0.4
2.48,0.5,0.4
2.48,0.6,0.4
2.48,0.7,0.4
2.48,0.8,0.4
2.48,0.9,0.4
2.48,1,0.4
2.48,0,0.5
2.48,0.1,0.5
2.48,0.2,0.5
2.48,0.3,0.5
2.48,0.4,0.5
2.48,0.5,0.5
2.48,0.6,0.5
2.48,0.7,0.5
2.48,0.8,0.5
2.48,0.9,0.5
2.48,1,0.5
2.48,0,0.6
2.48,0.1,0.6
2.48,0.2,0.6
2.48,0.3,0.6
2.48,0.4,0.6
2.48,0.5,0.6
2.48,0.6,0.6
2.48,0.7,0.6
2.48,0.8,0.6
2.48,0.9,0.6
2.48,1,0.6
2.48,0,0.7
2.48,0.1,0.7
2.48,0.2,0.7
2.48,0.3,0.7
2.48,0.4,0.7
2.48,0.5,0.7
2.48,0.6,0.7
2.48,0.7,0.7
2.48,0.8,0.7
2.48,0.9,0.7
2.48,1,0.7
2.48,0,0.8
2.48,0.1,0.8
2.48,0.2,0.8
2.48,0.3,0.8
2.48,0.4,0.8
2.48,0.5,0.8
2.48,0.6,0.8
2.48,0.7,0.8
2.48,0.8,0.8
2.48,0.9,0.8
2.48,1,0.8
2.48,0,0.9
2.48,0.1,0.9
2.48,0.2,0.9
2.48,0.3,0.9
2.48,0.4,0.9
2.48,0.5,0.9
2.48,0.6,0.9
2.48,0.7,0.9
2.48,0.8,0.9
2.48,0.9,0.9
2.48,1,0.9
2.48,0,1
2.48,0.1,1
2.48,0.2,1
2.48,0.3,1
2.48,0.4,1
2.48,0.5,1
2.48,0.6,1
2.48,0.7,1
2.48,0.8,1
2.48,0.9,1
2.48,1,1
2.56,0,0
2.56,0.1,0
2.56,0.2,0
2.56,0.3,0
2.56,0.4,0
2.56,0.5,0
2.56,0.6,0
2.56,0.7,0
2.56,0.8,0
2.56,0.9,0
2.56,1,0
2.56,0,0.1
2.56,0.1,0.1
2.56,0.2,0.1
2.56,0.3,0.1
2.56,0.4,0.1
2.56,0.5,0.1
2.56,0.6,0.1
2.56,0.7,0.1
2.56,0.8,0.1
2.56,0.9,0.1
2.56,1,0.1
2.56,0,0.2
2.56,0.1,0.2
2.56,0.2,0.2
2.56,0.3,0.2
2.56,0.4,0.2
2.56,0.5,0.2
2.56,0.6,0.2
2.56,0.7,0.2
2.56,0.8,0.2
2.56,0.9,0.2
2.56,1,0.2
2.56,0,0.3
2.56,0.1,0.3
2.56,0.2,0.3
2.56,0.3,0.3
2.56,0.4,0.3
2.56,0.5,0.3
2.56,0.6,0.3
2.56,0.7,0.3
2.56,0.8,0.3
2.56,0.9,0.3
2.56,1,0.3
2.56,0,0.4
2.56,0.1,0.4
2.56,0.2,0.4
2.56,0.3,0.4
2.56,0.4,0.4
2.56,0.5,0.4
2.56,0.6,0.4
2.56,0.7,0.4
2.56,0.8,0.4
2.56,0.9,0.4
2.56,1,0.4
2.56,0,0.5
2.56,0.1,0.5
2.56,0.2,0.5
2.56,0.3,0.5
2.56,0.4,0.5
2.56,0.5,0.5
2.56,0.6,0.5
2.56,0.7,0.5
2.56,0.8,0.5
2.56,0.9,0.5
2.56,1,0.5
2.56,0,0.6
2.56,0.1,0.6
2.56,0.2,0.6
2.56,0.3,0.6
2.56,0.4,0.6
2.56,0.5,0.6
2.56,0.6,0.6
2.56,0.7,0.6
2.56,0.8,0.6
2.56,0.9,0.6
2.56,1,0.6
2.56,0,0.7
2.56,0.1,0.7
2.56,0.2,0.7
2.56,0.3,0.7
2.56,0.4,0.7
2.56,0.5,0.7
2.56,0.6,0.7
2.56,0.7,0.7
2.56,0.8,0.7
2.56,0.9,0.7
2.56,1,0.7
2.56,0,0.8
2.56,0.1,0.8
2.56,0.2,0.8
2.56,0.3,0.8
2.56,0.4,0.8
2.56,0.5,0.8
2.56,0.6,0.8
2.56,0.7,0.8
2.56,0.8,0.8
2.56,0.9,0.8
2.56,1,0.8
2.56,0,0.9
2.56,0.1,0.9
2.56,0.2,0.9
2.56,0.3,0.9
2.56,0.4,0.9
2.56,0.5,0.9
2.56,0.6,0.9
2.56,0.7,0.9
2.56,0.8,0.9
2.56,0.9,0.9
2.56,1,0.9
2.56,0,1
2.56,0.1,1
2.56,0.2,1
2.56,0.3,1
2.56,0.4,1
2.56,0.5,1
2.56,0.6,1
2.56,0.7,1
2.56,0.8,1
2.56,0.9,1
2.56,1,1
2.64,0,0
2.64,0.1,0
2.64,0.2,0
2.64,0.3,0
2.64,0.4,0
2.64,0.5,0
2.64,0.6,0
2.64,0.7,0
2.64,0.8,0
2.64,0.9,0
2.64,1,0
2.64,0,0.1
2.64,0.1,0.1
2.64,0.2,0.1
2.64,0.3,0.1
2.64,0.4,0.1
2.64,0.5,0.1
2.64,0.6,0.1
2.64,0.7,0.1
2.64,0.8,0.1
2.64,0.9,0.1
2.64,1,0.1
2.64,0,0.2
2.64,0.1,0.2
2.64,0.2,0.2
2.64,0.3,0.2
2.64,0.4,0.2
2.64,0.5,0.2
2.64,0.6,0.2
2.64,0.7,0.2
2.64,0.8,0.2
2.64,0.9,0.2
2.64,1,0.2
2.64,0,0.3
2.64,0.1,0.3
2.64,0.2,0.3
2.64,0.3,0.3
2.64,0.4,0.3
2.64,0.5,0.3
2.64,0.6,0.3
2.64,0.7,0.3
2.64,0.8,0.3
2.64,0.9,0.3
2.64,1,0.3
2.64,0,0.4
2.64,0.1,0.4
2.64,0.2,0.4
2.64,0.3,0.4
2.64,0.4,0.4
2.64,0.5,0.4
2.64,0.6,0.4
2.64,0.7,0.4
2.64,0.8,0.4
2.64,0.9,0.4
2.64,1,0.4
2.64,0,0.5
2.64,0.1,0.5
2.64,0.2,0.5
2.64,0.3,0.5
2.64,0.4,0.5
2.64,0.5,0.5
2.64,0.6,0.5
2.64,0.7,0.5
2.64,0.8,0.5
2.64,0.9,0.5
2.64,1,0.5
2.64,0,0.6
2.64,0.1,0.6
2.64,0.2,0.6
2.64,0.3,0.6
2.64,0.4,0.6
2.64,0.5,0.6
2.64,0.6,0.6
2.64,0.7,0.6
2.64,0.8,0.6
2.64,0.9,0.6
2.64,1,0.6
2.64,0,0.7
2.64,0.1,0.7
2.64,0.2,0.7
2.64,0.3,0.7
2.64,0.4,0.7
2.64,0.5,0.7
2.64,0.6,0.7
2.64,0.7,0.7
2.64,0.8,0.7
2.64,0.9,0.7
2.64,1,0.7
2.64,0,0.8
2.64,0.1,0.8
2.64,0.2,0.8
2.64,0.3,0.8
2.64,0.4,0.8
2.64,0.5,0.8
2.64,0.6,0.8
2.64,0.7,0.8
2.64,0.8,0.8
2.64,0.9,0.8
2.64,1,0.8
2.64,0,0.9
2.64,0.1,0.9
2.64,0.2,0.9
2.64,0.3,0.9
2.64,0.4,0.9
2.64,0.5,0.9
2.64,0.6,0.9
2.64,0.7,0.9
2.64,0.8,0.9
2.64,0.9,0.9
2.64,1,0.9
2.64,0,1
2.64,0.1,1
2.64,0.2,1
2.64,0.3,1
2.64,0.4,1
2.64,0.5,1
2.64,0.6,1
2.64,0.7,1
2.64,0.8,1
2.64,0.9,1
2.64,1,1
2.72,0,0
2.72,0.1,0
2.72,0.2,0
2.72,0.3,0
2.72,0.4,0
2.72,0.5,0
2.72,0.6,0
2.72,0.7,0
2.72,0.8,0
2.72,0.9,0
2.72,1,0
2.72,0,0.1
2.72,0.1,0.1
2.72,0.2,0.1
2.72,0.3,0.1
2.72,0.4,0.1
2.72,0.5,0.1
2.72,0.6,0.1
2.72,0.7,0.1
2.72,0.8,0.1
2.72,0.9,0.1
2.72,1,0.1
2.72,0,0.2
2.72,0.1,0.2
2.72,0.2,0.2
2.72,0.3,0.2
2.72,0.4,0.2
2.72,0.5,0.2
2.72,0.6,0.2
2.72,0.7,0.2
2.72,0.8,0.2
2.72,0.9,0.2
2.72,1,0.2
2.72,0,0.3
2.72,0.1,0.3
2.72,0.2,0.3
2.72,0.3,0.3
2.72,0.4,0.3
2.72,0.5,0.3
2.72,0.6,0.3
2.72,0.7,0.3
2.72,0.8,0.3
2.72,0.9,0.3
2.72,1,0.3
2.72,0,0.4
2.72,0.1,0.4
2.72,0.2,0.4
2.72,0.3,0.4
2.72,0.4,0.4
2.72,0.5,0.4
2.72,0.6,0.4
2.72,0.7,0.4
2.72,0.8,0.4
2.72,0.9,0.4
2.72,1,0.4
2.72,0,0.5
2.72,0.1,0.5
2.72,0.2,0.5
2.72,0.3,0.5
2.72,0.4,0.5
2.72,0.5,0.5
2.72,0.6,0.5
2.72,0.7,0.5
2.72,0.8,0.5
2.72,0.9,0.5
2.72,1,0.5
2.72,0,0.6
2.72,0.1,0.6
2.72,0.2,0.6
2.72,0.3,0.6
2.72,0.4,0.6
2.72,0.5,0.6
2.72,0.6,0.6
2.72,0.7,0.6
2.72,0.8,0.6
2.72,0.9,0.6
2.72,1,0.6
2.72,0,0.7
2.72,0.1,0.7
2.72,0.2,0.7
2.72,0.3,0.7
2.72,0.4,0.7
2.72,0.5,0.7
2.72,0.6,0.7
2.72,0.7,0.7
2.72,0.8,0.7
2.72,0.9,0.7
2.72,1,0.7
2.72,0,0.8
2.72,0.1,0.8
2.72,0.2,0.8
2.72,0.3,0.8
2.72,0.4,0.8
2.72,0.5,0.8
2.72,0.6,0.8
2.72,0.7,0.8
2.72,0.8,0.8
2.72,0.9,0.8
2.72,1,0.8
2.72,0,0.9
2.72,0.1,0.9
2.72,0.2,0.9
2.72,0.3,0.9
2.72,0.4,0.9
2.72,0.5,0.9
2.72,0.6,0.9
2.72,0.7,0.9
2.72,0.8,0.9
2.72,0.9,0.9
2.72,1,0.9
2.72,0,1
2.72,0.1,1
2.72,0.2,1
2.72,0.3,1
2.72,0.4,1
2.72,0.5,1
2.72,0.6,1
2.72,0.7,1
2.72,0.8,1
2.72,0.9,1
2.72,1,1
2.8,0,0
2.8,0.1,0
2.8,0.2,0
2.8,0.3,0
2.8,0.4,0
2.8,0.5,0
2.8,0.6,0
2.8,0.7,0
2.8,0.8,0
2.8,0.9,0
2.8,1,0
2.8,0,0.1
2.8,0.1,0.1
2.8,0.2,0.1
2.8,0.3,0.1
2.8,0.4,0.1
2.8,0.5,0.1
2.8,0.6,0.1
2.8,0.7,0.1
2.8,0.8,0.1
2.8,0.9,0.1
2.8,1,0.1
2.8,0,0.2
2.8,0.1,0.2
2.8,0.2,0.2
2.8,0.3,0.2
2.8,0.4,0.2
2.8,0.5,0.2
2.8,0.6,0.2
2.8,0.7,0.2
2.8,0.8,0.2
2.8,0.9,0.2
2.8,1,0.2
2.8,0,0.3
2.8,0.1,0.3
2.8,0.2,0.3
2.8,0.3,0.3
2.8,0.4,0.3
2.8,0.5,0.3
2.8,0.6,0.3
2.8,0.7,0.3
2.8,0.8,0.3
2.8,0.9,0.3
2.8,1,0.3
2.8,0,0.4
2.8,0.1,0.4
2.8,0.2,0.4
2.8,0.3,0.4
2.8,0.4,0.4
2.8,0.5,0.4
2.8,0.6,0.4
2.8,0.7,0.4
2.8,0.8,0.4
2.8,0.9,0.4
2.8,1,0.4
2.8,0,0.5
2.8,0.1,0.5
2.8,0.2,0.5
2.8,0.3,0.5
2.8,0.4,0.5
2.8,0.5,0.5
2.8,0.6,0.5
2.8,0.7,0.5
2.8,0.8,0.5
2.8,0.9,0.5
2.8,1,0.5
2.8,0,0.6
2.8,0.1,0.6
2.8,0.2,0.6
2.8,0.3,0.6
2.8,0.4,0.6
2.8,0.5,0.6
2.8,0.6,0.6
2.8,0.7,0.6
2.8,0.8,0.6
2.8,0.9,0.6
2.8,1,0.6
2.8,0,0.7
2.8,0.1,0.7
2.8,0.2,0.7
2.8,0.3,0.7
2.8,0.4,0.7
2.8,0.5,0.7
2.8,0.6,0.7
2.8,0.7,0.7
2.8,0.8,0.7
2.8,0.9,0.7
2.8,1,0.7
2.8,0,0.8
2.8,0.1,0.8
2.8,0.2,0.8
2.8,0.3,0.8
2.8,0.4,0.8
2.8,0.5,0.8
2.8,0.6,0.8
2.8,0.7,0.8
2.8,0.8,0.8
2.8,0.9,0.8
2.8,1,0.8
2.8,0,0.9
2.8,0.1,0.9
2.8,0.2,0.9
2.8,0.3,0.9
2.8,0.4,0.9
2.8,0.5,0.9
2.8,0.6,0.9
2.8,0.7,0.9
2.8,0.8,0.9
2.8,0.9,0.9
2.8,1,0.9
2.8,0,1
2.8,0.1,1
2.8,0.2,1
2.8,0.3,1
2.8,0.4,1
2.8,0.5,1
2.8,0.6,1
2.8,0.7,1
2.8,0.8,1
2.8,0.9,1
2.8,1,1
2.88,0,0
2.88,0.1,0
2.88,0.2,0
2.88,0.3,0
2.88,0.4,0
2.88,0.5,0
2.88,0.6,0
2.88,0.7,0
2.88,0.8,0
2.88,0.9,0
2.88,1,0
2.88,0,0.1
2.88,0.1,0.1
2.88,0.2,0.1
2.88,0.3,0.1
2.88,0.4,0.1
2.88,0.5,0.1
2.88,0.6,0.1
2.88,0.7,0.1
2.88,0.8,0.1
2.88,0.9,0.1
2.88,1,0.1
2.88,0,0.2
2.88,0.1,0.2
2.88,0.2,0.2
2.88,0.3,0.2
2.88,0.4,0.2
2.88,0.5,0.2
2.88,0.6,0.2
2.88,0.7,0.2
2.88,0.8,0.2
2.88,0.9,0.2
2.88,1,0.2
2.88,0,0.3
2.88,0.1,0.3
2.88,0.2,0.3
2.88,0.3,0.3
2.88,0.4,0.3
2.88,0.5,0.3
2.88,0.6,0.3
2.88,0.7,0.3
2.88,0.8,0.3
2.88,0.9,0.3
2.88,1,0.3
2.88,0,0.4
2.88,0.1,0.4
2.88,0.2,0.4
2.88,0.3,0.4
2.88,0.4,0.4
2.88,0.5,0.4
2.88,0.6,0.4
2.88,0.7,0.4
2.88,0.8,0.4
2.88,0.9,0.4
2.88,1,0.4
2.88,0,0.5
2.88,0.1,0.5
2.88,0.2,0.5
2.88,0.3,0.5
2.88,0.4,0.5
2.88,0.5,0.5
2.88,0.6,0.5
2.88,0.7,0.5
2.88,0.8,0.5
2.88,0.9,0.5
2.88,1,0.5
2.88,0,0.6
2.88,0.1,0.6
2.88,0.2,0.6
2.88,0.3,0.6
2.88,0.4,0.6
2.88,0.5,0.6
2.88,0.6,0.6
2.88,0.7,0.6
2.88,0.8,0.6
2.88,0.9,0.6
2.88,1,0.6
2.88,0,0.7
2.88,0.1,0.7
2.88,0.2,0.7
2.88,0.3,0.7
2.88,0.4,0.7
2.88,0.5,0.7
2.88,0.6,0.7
2.88,0.7,0.7
2.88,0.8,0.7
2.88,0.9,0.7
2.88,1,0.7
2.88,0,0.8
2.88,0.1,0.8
2.88,0.2,0.8
2.88,0.3,0.8
2.88,0.4,0.8
2.88,0.5,0.8
2.88,0.6,0.8
2.88,0.7,0.8
2.88,0.8,0.8
2.88,0.9,0.8
2.88,1,0.8
2.88,0,0.9
2.88,0.1,0.9
2.88,0.2,0.9
2.88,0.3,0.9
2.88,0.4,0.9
2.88,0.5,0.9
2.88,0.6,0.9
2.88,0.7,0.9
2.88,0.8,0.9
2.88,0.9,0.9
2.88,1,0.9
2.88,0,1
2.88,0.1,1
2.88,0.2,1
2.88,0.3,1
2.88,0.4,1
2.88,0.5,1
2.88,0.6,1
2.88,0.7,1
2.88,0.8,1
2.88,0.9,1
2.88,1,1
2.96,0,0
2.96,0.1,0
2.96,0.2,0
2.96,0.3,0
2.96,0.4,0
2.96,0.5,0
2.96,0.6,0
2.96,0.7,0
2.96,0.8,0
2.96,0.9,0
2.96,1,0
2.96,0,0.1
2.96,0.1,0.1
2.96,0.2,0.1
2.96,0.3,0.1
2.96,0.4,0.1
2.96,0.5,0.1
2.96,0.6,0.1
2.96,0.7,0.1
2.96,0.8,0.1
2.96,0.9,0.1
2.96,1,0.1
2.96,0,0.2
2.96,0.1,0.2
2.96,0.2,0.2
2.96,0.3,0.2
2.96,0.4,0.2
2.96,0.5,0.2
2.96,0.6,0.2
2.96,0.7,0.2
2.96,0.8,0.2
2.96,0.9,0.2
2.96,1,0.2
2.96,0,0.3
2.96,0.1,0.3
2.96,0.2,0.3
2.96,0.3,0.3
2.96,0.4,0.3
2.96,0.5,0.3
2.96,0.6,0.3
2.96,0.7,0.3
2.96,0.8,0.3
2.96,0.9,0.3
2.96,1,0.3
2.96,0,0.4
2.96,0.1,0.4
2.96,0.2,0.4
2.96,0.3,0.4
2.96,0.4,0.4
2.96,0.5,0.4
2.96,0.6,0.4
2.96,0.7,0.4
2.96,0.8,0.4
2.96,0.9,0.4
2.96,1,0.4
2.96,0,0.5
2.96,0.1,0.5
2.96,0.2,0.5
2.96,0.3,0.5
2.96,0.4,0.5
2.96,0.5,0.5
2.96,0.6,0.5
2.96,0.7,0.5
2.96,0.8,0.5
2.96,0.9,0.5
2.96,1,0.5
2.96,0,0.6
2.96,0.1,0.6
2.96,0.2,0.6
2.96,0.3,0.6
2.96,0.4,0.6
2.96,0.5,0.6
2.96,0.6,0.6
2.96,0.7,0.6
2.96,0.8,0.6
2.96,0.9,0.6
2.96,1,0.6
2.96,0,0.7
2.96,0.1,0.7
2.96,0.2,0.7
2.96,0.3,0.7
2.96,0.4,0.7
2.96,0.5,0.7
2.96,0.6,0.7
2.96,0.7,0.7
2.96,0.8,0.7
2.96,0.9,0.7
2.96,1,0.7
2.96,0,0.8
2.96,0.1,0.8
2.96,0.2,0.8
2.96,0.3,0.8
2.96,0.4,0.8
2.96,0.5,0.8
2.96,0.6,0.8
2.96,0.7,0.8
2.96,0.8,0.8
2.96,0.9,0.8
2.96,1,0.8
2.96,0,0.9
2.96,0.1,0.9
2.96,0.2,0.9
2.96,0.3,0.9
2.96,0.4,0.9
2.96,0.5,0.9
2.96,0.6,0.9
2.96,0.7,0.9
2.96,0.8,0.9
2.96,0.9,0.9
2.96,1,0.9
2.96,0,1
2.96,0.1,1
2.96,0.2,1
2.96,0.3,1
2.96,0.4,1
2.96,0.5,1
2.96,0.6,1
2.96,0.7,1
2.96,0.8,1
2.96,0.9,1
2.96,1,1
3.04,0,0
3.04,0.1,0
3.04,0.2,0
3.04,0.3,0
3.04,0.4,0
3.04,0.5,0
3.04,0.6,0
3.04,0.7,0
3.04,0.8,0
3.04,0.9,0
3.04,1,0
3.04,0,0.1
3.04,0.1,0.1
3.04,0.2,0.1
3.04,0.3,0.1
3.04,0.4,0.1
3.04,0.5,0.1
3.04,0.6,0.1
3.04,0.7,0.1
3.04,0.8,0.1
3.04,0.9,0.1
3.04,1,0.1
3.04,0,0.2
3.04,0.1,0.2
3.04,0.2,0.2
3.04,0.3,0.2
3.04,0.4,0.2
3.04,0.5,0.2
3.04,0.6,0.2
3.04,0.7,0.2
3.04,0.8,0.2
3.04,0.9,0.2
3.04,1,0.2
3.04,0,0.3
3.04,0.1,0.3
3.04,0.2,0.3
3.04,0.3,0.3
3.04,0.4,0.3
3.04,0.5,0.3
3.04,0.6,0.3
3.04,0.7,0.3
3.04,0.8,0.3
3.04,0.9,0.3
3.04,1,0.3
3.04,0,0.4
3.04,0.1,0.4
3.04,0.2,0.4
3.04,0.3,0.4
3.04,0.4,0.4
3.04,0.5,0.4
3.04,0.6,0.4
3.04,0.7,0.4
3.04,0.8,0.4
3.04,0.9,0.4
3.04,1,0.4
3.04,0,0.5
3.04,0.1,0.5
3.04,0.2,0.5
3.04,0.3,0.5
3.04,0.4,0.5
3.04,0.5,0.5
3.04,0.6,0.5
3.04,0.7,0.5
3.04,0.8,0.5
3.04,0.9,0.5
3.04,1,0.5
3.04,0,0.6
3.04,0.1,0.6
3.04,0.2,0.6
3.04,0.3,0.6
3.04,0.4,0.6
3.04,0.5,0.6
3.04,0.6,0.6
3.04,0.7,0.6
3.04,0.8,0.6
3.04,0.9,0.6
3.04,1,0.6
3.04,0,0.7
3.04,0.1,0.7
3.04,0.2,0.7
3.04,0.3,0.7
3.04,0.4,0.7
3.04,0.5,0.7
3.04,0.6,0.7
3.04,0.7,0.7
3.04,0.8,0.7
3.04,0.9,0.7
3.04,1,0.7
3.04,0,0.8
3.04,0.1,0.8
3.04,0.2,0.8
3.04,0.3,0.8
3.04,0.4,0.8
3.04,0.5,0.8
3.04,0.6,0.8
3.04,0.7,0.8
3.04,0.8,0.8
3.04,0.9,0.8
3.04,1,0.8
3.04,0,0.9
3.04,0.1,0.9
3.04,0.2,0.9
3.04,0.3,0.9
3.04,0.4,0.9
3.04,0.5,0.9
3.04,0.6,0.9
3.04,0.7,0.9
3.04,0.8,0.9
3.04,0.9,0.9
3.04,1,0.9
3.04,0,1
3.04,0.1,1
3.04,0.2,1
3.04,0.3,1
3.04,0.4,1
3.04,0.5,1
3.04,0.6,1
3.04,0.7,1
3.04,0.8,1
3.04,0.9,1
3.04,1,1
3.12,0,0
3.12,0.1,0
3.12,0.2,0
3.12,0.3,0
3.12,0.4,0
3.12,0.5,0
3.12,0.6,0
3.12,0.7,0
3.12,0.8,0
3.12,0.9,0
3.12,1,0
3.12,0,0.1
3.12,0.1,0.1
3.12,0.2,0.1
3.12,0.3,0.1
3.12,0.4,0.1
3.12,0.5,0.1
3.12,0.6,0.1
3.12,0.7,0.1
3.12,0.8,0.1
3.12,0.9,0.1
3.12,1,0.1
3.12,0,0.2
3.12,0.1,0.2
3.12,0.2,0.2
3.12,0.3,0.2
3.12,0.4,0.2
3.12,0.5,0.2
3.12,0.6,0.2
3.12,0.7,0.2
3.12,0.8,0.2
3.12,0.9,0.2
3.12,1,0.2
3.12,0,0.3
3.12,0.1,0.3
3.12,0.2,0.3
3.12,0.3,0.3
3.12,0.4,0.3
3.12,0.5,0.3
3.12,0.6,0.3
3.12,0.7,0.3
3.12,0.8,0.3
3.12,0.9,0.3
3.12,1,0.3
3.12,0,0.4
3.12,0.1,0.4
3.12,0.2,0.4
3.12,0.3,0.4
3.12,0.4,0.4
3.12,0.5,0.4
3.12,0.6,0.4
3.12,0.7,0.4
3.12,0.8,0.4
3.12,0.9,0.4
3.12,1,0.4
3.12,0,0.5
3.12,0.1,0.5
3.12,0.2,0.5
3.12,0.3,0.5
3.12,0.4,0.5
3.12,0.5,0.5
3.12,0.6,0.5
3.12,0.7,0.5
3.12,0.8,0.5
3.12,0.9,0.5
3.12,1,0.5
3.12,0,0.6
3.12,0.1,0.6
3.12,0.2,0.6
3.12,0.3,0.6
3.12,0.4,0.6
3.12,0.5,0.6
3.12,0.6,0.6
3.12,0.7,0.6
3.12,0.8,0.6
3.12,0.9,0.6
3.12,1,0.6
3.12,0,0.7
3.12,0.1,0.7
3.12,0.2,0.7
3.12,0.3,0.7
3.12,0.4,0.7
3.12,0.5,0.7
3.12,0.6,0.7
3.12,0.7,0.7
3.12,0.8,0.7
3.12,0.9,0.7
3.12,1,0.7
3.12,0,0.8
3.12,0.1,0.8
3.12,0.2,0.8
3.12,0.3,0.8
3.12,0.4,0.8
3.12,0.5,0.8
3.12,0.6,0.8
3.12,0.7,0.8
3.12,0.8,0.8
3.12,0.9,0.8
3.12,1,0.8
3.12,0,0.9
3.12,0.1,0.9
3.12,0.2,0.9
3.12,0.3,0.9
3.12,0.4,0.9
3.12,0.5,0.9
3.12,0.6,0.9
3.12,0.7,0.9
3.12,0.8,0.9
3.12,0.9,0.9
3.12,1,0.9
3.12,0,1
3.12,0.1,1
3.12,0.2,1
3.12,0.3,1
3.12,0.4,1
3.12,0.5,1
3.12,0.6,1
3.12,0.7,1
3.12,0.8,1
3.12,0.9,1
3.12,1,1
3.2,0,0
3.2,0.1,0
3.2,0.2,0
3.2,0.3,0
3.2,0.4,0
3.2,0.5,0
3.2,0.6,0
3.2,0.7,0
3.2,0.8,0
3.2,0.9,0
3.2,1,0
3.2,0,0.1
3.2,0.1,0.1
3.2,0.2,0.1
3.2,0.3,0.1
3.2,0.4,0.1
3.2,0.5,0.1
3.2,0.6,0.1
3.2,0.7,0.1
3.2,0.8,0.1
3.2,0.9,0.1
3.2,1,0.1
3.2,0,0.2
3.2,0.1,0.2
3.2,0.2,0.2
3.2,0.3,0.2
3.2,0.4,0.2
3.2,0.5,0.2
3.2,0.6,0.2
3.2,0.7,0.2
3.2,0.8,0.2
3.2,0.9,0.2
3.2,1,0.2
3.2,0,0.3
3.2,0.1,0.3
3.2,0.2,0.3
3.2,0.3,0.3
3.2,0.4,0.3
3.2,0.5,0.3
3.2,0.6,0.3
3.2,0.7,0.3
3.2,0.8,0.3
3.2,0.9,0.3
3.2,1,0.3
3.2,0,0.4
3.2,0.1,0.4
3.2,0.2,0.4
3.2,0.3,0.4
3.2,0.4,0.4
3.2,0.5,0.4
3.2,0.6,0.4
3.2,0.7,0.4
3.2,0.8,0.4
3.2,0.9,0.4
3.2,1,0.4
3.2,0,0.5
3.2,0.1,0.5
3.2,0.2,0.5
3.2,0.3,0.5
3.2,0.4,0.5
3.2,0.5,0.5
3.2,0.6,0.5
3.2,0.7,0.5
3.2,0.8,0.5
3.2,0.9,0.5
3.2,1,0.5
3.2,0,0.6
3.2,0.1,0.6
3.2,0.2,0.6
3.2,0.3,0.6
3.2,0.4,0.6
3.2,0.5,0.6
3.2,0.6,0.6
3.2,0.7,0.6
3.2,0.8,0.6
3.2,0.9,0.6
3.2,1,0.6
3.2,0,0.7
3.2,0.1,0.7
3.2,0.2,0.7
3.2,0.3,0.7
3.2,0.4,0.7
3.2,0.5,0.7
3.2,0.6,0.7
3.2,0.7,0.7
3.2,0.8,0.7
3.2,0.9,0.7
3.2,1,0.7
3.2,0,0.8
3.2,0.1,0.8
3.2,0.2,0.8
3.2,0.3,0.8
3.2,0.4,0.8
3.2,0.5,0.8
3.2,0.6,0.8
3.2,0.7,0.8
3.2,0.8,0.8
3.2,0.9,0.8
3.2,1,0.8
3.2,0,0.9
3.2,0.1,0.9
3.2,0.2,0.9
3.2,0.3,0.9
3.2,0.4,0.9
3.2,0.5,0.9
3.2,0.6,0.9
3.2,0.7,0.9
3.2,0.8,0.9
3.2,0.9,0.9
3.2,1,0.9
3.2,0,1
3.2,0.1,1
3.2,0.2,1
3.2,0.3,1
3.2,0.4,1
3.2,0.5,1
3.2,0.6,1
3.2,0.7,1
3.2,0.8,1
3.2,0.9,1
3.2,1,1
3.28,0,0
3.28,0.1,0
3.28,0.2,0
3.28,0.3,0
3.28,0.4,0
3.28,0.5,0
3.28,0.6,0
3.28,0.7,0
3.28,0.8,0
3.28,0.9,0
3.28,1,0
3.28,0,0.1
3.28,0.1,0.1
3.28,0.2,0.1
3.28,0.3,0.1
3.28,0.4,0.1
3.28,0.5,0.1
3.28,0.6,0.1
3.28,0.7,0.1
3.28,0.8,0.1
3.28,0.9,0.1
3.28,1,0.1
3.28,0,0.2
3.28,0.1,0.2
3.28,0.2,0.2
3.28,0.3,0.2
3.28,0.4,0.2
3.28,0.5,0.2
3.28,0.6,0.2
3.28,0.7,0.2
3.28,0.8,0.2
3.28,0.9,0.2
3.28,1,0.2
3.28,0,0.3
3.28,0.1,0.3
3.28,0.2,0.3
3.28,0.3,0.3
3.28,0.4,0.3
3.28,0.5,0.3
3.28,0.6,0.3
3.28,0.7,0.3
3.28,0.8,0.3
3.28,0.9,0.3
3.28,1,0.3
3.28,0,0.4
3.28,0.1,0.4
3.28,0.2,0.4
3.28,0.3,0.4
3.28,0.4,0.4
3.28,0.5,0.4
3.28,0.6,0.4
3.28,0.7,0.4
3.28,0.8,0.4
3.28,0.9,0.4
3.28,1,0.4
3.28,0,0.5
3.28,0.1,0.5
3.28,0.2,0.5
3.28,0.3,0.5
3.28,0.4,0.5
3.28,0.5,0.5
3.28,0.6,0.5
3.28,0.7,0.5
3.28,0.8,0.5
3.28,0.9,0.5
3.28,1,0.5
3.28,0,0.6
3.28,0.1,0.6
3.28,0.2,0.6
3.28,0.3,0.6
3.28,0.4,0.6
3.28,0.5,0.6
3.28,0.6,0.6
3.28,0.7,0.6
3.28,0.8,0.6
3.28,0.9,0.6
3.28,1,0.6
3.28,0,0.7
3.28,0.1,0.7
3.28,0.2,0.7
3.28,0.3,0.7
3.28,0.4,0.7
3.28,0.5,0.7
3.28,0.6,0.7
3.28,0.7,0.7
3.28,0.8,0.7
3.28,0.9,0.7
3.28,1,0.7
3.28,0,0.8
3.28,0.1,0.8
3.28,0.2,0.8
3.28,0.3,0.8
3.28,0.4,0.8
3.28,0.5,0.8
3.28,0.6,0.8
3.28,0.7,0.8
3.28,0.8,0.8
3.28,0.9,0.8
3.28,1,0.8
3.28,0,0.9
3.28,0.1,0.9
3.28,0.2,0.9
3.28,0.3,0.9
3.28,0.4,0.9
3.28,0.5,0.9
3.28,0.6,0.9
3.28,0.7,0.9
3.28,0.8,0.9
3.28,0.9,0.9
3.28,1,0.9
3.28,0,1
3.28,0.1,1
3.28,0.2,1
3.28,0.3,1
3.28,0.4,1
3.28,0.5,1
3.28,0.6,1
3.28,0.7,1
3.28,0.8,1
3.28,0.9,1
3.28,1,1
3.36,0,0
3.36,0.1,0
3.36,0.2,0
3.36,0.3,0
3.36,0.4,0
3.36,0.5,0
3.36,0.6,0
3.36,0.7,0
3.36,0.8,0
3.36,0.9,0
3.36,1,0
3.36,0,0.1
3.36,0.1,0.1
3.36,0.2,0.1
3.36,0.3,0.1
3.36,0.4,0.1
3.36,0.5,0.1
3.36,0.6,0.1
3.36,0.7,0.1
3.36,0.8,0.1
3.36,0.9,0.1
3.36,1,0.1
3.36,0,0.2
3.36,0.1,0.2
3.36,0.2,0.2
3.36,0.3,0.2
3.36,0.4,0.2
3.36,0.5,0.2
3.36,0.6,0.2
3.36,0.7,0.2
3.36,0.8,0.2
3.36,0.9,0.2
3.36,1,0.2
3.36,0,0.3
3.36,0.1,0.3
3.36,0.2,0.3
3.36,0.3,0.3
3.36,0.4,0.3
3.36,0.5,0.3
3.36,0.6,0.3
3.36,0.7,0.3
3.36,0.8,0.3
3.36,0.9,0.3
3.36,1,0.3
3.36,0,0.4
3.36,0.1,0.4
3.36,0.2,0.4
3.36,0.3,0.4
3.36,0.4,0.4
3.36,0.5,0.4
3.36,0.6,0.4
3.36,0.7,0.4
3.36,0.8,0.4
3.36,0.9,0.4
3.36,1,0.4
3.36,0,0.5
3.36,0.1,0.5
3.36,0.2,0.5
3.36,0.3,0.5
3.36,0.4,0.5
3.36,0.5,0.5
3.36,0.6,0.5
3.36,0.7,0.5
3.36,0.8,0.5
3.36,0.9,0.5
3.36,1,0.5
3.36,0,0.6
3.36,0.1,0.6
3.36,0.2,0.6
3.36,0.3,0.6
3.36,0.4,0.6
3.36,0.5,0.6
3.36,0.6,0.6
3.36,0.7,0.6
3.36,0.8,0.6
3.36,0.9,0.6
3.36,1,0.6
3.36,0,0.7
3.36,0.1,0.7
3.36,0.2,0.7
3.36,0.3,0.7
3.36,0.4,0.7
3.36,0.5,0.7
3.36,0.6,0.7
3.36,0.7,0.7
3.36,0.8,0.7
3.36,0.9,0.7
3.36,1,0.7
3.36,0,0.8
3.36,0.1,0.8
3.36,0.2,0.8
3.36,0.3,0.8
3.36,0.4,0.8
3.36,0.5,0.8
3.36,0.6,0.8
3.36,0.7,0.8
3.36,0.8,0.8
3.36,0.9,0.8
3.36,1,0.8
3.36,0,0.9
3.36,0.1,0.9
3.36,0.2,0.9
3.36,0.3,0.9
3.36,0.4,0.9
3.36,0.5,0.9
3.36,0.6,0.9
3.36,0.7,0.9
3.36,0.8,0.9
3.36,0.9,0.9
3.36,1,0.9
3.36,0,1
3.36,0.1,1
3.36,0.2,1
3.36,0.3,1
3.36,0.4,1
3.36,0.5,1
3.36,0.6,1
3.36,0.7,1
3.36,0.8,1
3.36,0.9,1
3.36,1,1
3.44,0,0
3.44,0.1,0
3.44,0.2,0
3.44,0.3,0
3.44,0.4,0
3.44,0.5,0
3.44,0.6,0
3.44,0.7,0
3.44,0.8,0
3.44,0.9,0
3.44,1,0
3.44,0,0.1
3.44,0.1,0.1
3.44,0.2,0.1
3.44,0.3,0.1
3.44,0.4,0.1
3.44,0.5,0.1
3.44,0.6,0.1
3.44,0.7,0.1
3.44,0.8,0.1
3.44,0.9,0.1
3.44,1,0.1
3.44,0,0.2
3.44,0.1,0.2
3.44,0.2,0.2
3.44,0.3,0.2
3.44,0.4,0.2
3.44,0.5,0.2
3.44,0.6,0.2
3.44,0.7,0.2
3.44,0.8,0.2
3.44,0.9,0.2
3.44,1,0.2
3.44,0,0.3
3.44,0.1,0.3
3.44,0.2,0.3
3.44,0.3,0.3
3.44,0.4,0.3
3.44,0.5,0.3
3.44,0.6,0.3
3.44,0.7,0.3
3.44,0.8,0.3
3.44,0.9,0.3
3.44,1,0.3
3.44,0,0.4
3.44,0.1,0.4
3.44,0.2,0.4
3.44,0.3,0.4
3.44,0.4,0.4
3.44,0.5,0.4
3.44,0.6,0.4
3.44,0.7,0.4
3.44,0.8,0.4
3.44,0.9,0.4
3.44,1,0.4
3.44,0,0.5
3.44,0.1,0.5
3.44,0.2,0.5
3.44,0.3,0.5
3.44,0.4,0.5
3.44,0.5,0.5
3.44,0.6,0.5
3.44,0.7,0.5
3.44,0.8,0.5
3.44,0.9,0.5
3.44,1,0.5
3.44,0,0.6
3.44,0.1,0.6
3.44,0.2,0.6
3.44,0.3,0.6
3.44,0.4,0.6
3.44,0.5,0.6
3.44,0.6,0.6
3.44,0.7,0.6
3.44,0.8,0.6
3.44,0.9,0.6
3.44,1,0.6
3.44,0,0.7
3.44,0.1,0.7
3.44,0.2,0.7
3.44,0.3,0.7
3.44,0.4,0.7
3.44,0.5,0.7
3.44,0.6,0.7
3.44,0.7,0.7
3.44,0.8,0.7
3.44,0.9,0.7
3.44,1,0.7
3.44,0,0.8
3.44,0.1,0.8
3.44,0.2,0.8
3.44,0.3,0.8
3.44,0.4,0.8
3.44,0.5,0.8
3.44,0.6,0.8
3.44,0.7,0.8
3.44,0.8,0.8
3.44,0.9,0.8
3.44,1,0.8
3.44,0,0.9
3.44,0.1,0.9
3.44,0.2,0.9
3.44,0.3,0.9
3.44,0.4,0.9
3.44,0.5,0.9
3.44,0.6,0.9
3.44,0.7,0.9
3.44,0.8,0.9
3.44,0.9,0.9
3.44,1,0.9
3.44,0,1
3.44,0.1,1
3.44,0.2,1
3.44,0.3,1
3.44,0.4,1
3.44,0.5,1
3.44,0.6,1
3.44,0.7,1
3.44,0.8,1
3.44,0.9,1
3.44,1,1
3.52,0,0
3.52,0.1,0
3.52,0.2,0
3.52,0.3,0
3.52,0.4,0
3.52,0.5,0
3.52,0.6,0
3.52,0.7,0
3.52,0.8,0
3.52,0.9,0
3.52,1,0
3.52,0,0.1
3.52,0.1,0.1
3.52,0.2,0.1
3.52,0.3,0.1
3.52,0.4,0.1
3.52,0.5,0.1
3.52,0.6,0.1
3.52,0.7,0.1
3.52,0.8,0.1
3.52,0.9,0.1
3.52,1,0.1
3.52,0,0.2
3.52,0.1,0.2
3.52,0.2,0.2
3.52,0.3,0.2
3.52,0.4,0.2
3.52,0.5,0.2
3.52,0.6,0.2
3.52,0.7,0.2
3.52,0.8,0.2
3.52,0.9,0.2
3.52,1,0.2
3.52,0,0.3
3.52,0.1,0.3
3.52,0.2,0.3
3.52,0.3,0.3
3.52,0.4,0.3
3.52,0.5,0.3
3.52,0.6,0.3
3.52,0.7,0.3
3.52,0.8,0.3
3.52,0.9,0.3
3.52,1,0.3
3.52,0,0.4
3.52,0.1,0.4
3.52,0.2,0.4
3.52,0.3,0.4
3.52,0.4,0.4
3.52,0.5,0.4
3.52,0.6,0.4
3.52,0.7,0.4
3.52,0.8,0.4
3.52,0.9,0.4
3.52,1,0.4
3.52,0,0.5
3.52,0.1,0.5
3.52,0.2,0.5
3.52,0.3,0.5
3.52,0.4,0.5
3.52,0.5,0.5
3.52,0.6,0.5
3.52,0.7,0.5
3.52,0.8,0.5
3.52,0.9,0.5
3.52,1,0.5
3.52,0,0.6
3.52,0.1,0.6
3.52,0.2,0.6
3.52,0.3,0.6
3.52,0.4,0.6
3.52,0.5,0.6
3.52,0.6,0.6
3.52,0.7,0.6
3.52,0.8,0.6
3.52,0.9,0.6
3.52,1,0.6
3.52,0,0.7
3.52,0.1,0.7
3.52,0.2,0.7
3.52,0.3,0.7
3.52,0.4,0.7
3.52,0.5,0.7
3.52,0.6,0.7
3.52,0.7,0.7
3.52,0.8,0.7
3.52,0.9,0.7
3.52,1,0.7
3.52,0,0.8
3.52,0.1,0.8
3.52,0.2,0.8
3.52,0.3,0.8
3.52,0.4,0.8
3.52,0.5,0.8
3.52,0.6,0.8
3.52,0.7,0.8
3.52,0.8,0.8
3.52,0.9,0.8
3.52,1,0.8
3.52,0,0.9
3.52,0.1,0.9
3.52,0.2,0.9
3.52,0.3,0.9
3.52,0.4,0.9
3.52,0.5,0.9
3.52,0.6,0.9
3.52,0.7,0.9
3.52,0.8,0.9
3.52,0.9,0.9
3.52,1,0.9
3.52,0,1
3.52,0.1,1
3.52,0.2,1
3.52,0.3,1
3.52,0.4,1
3.52,0.5,1
3.52,0.6,1
3.52,0.7,1
3.52,0.8,1
3.52,0.9,1
3.52,1,1
3.6,0,0
3.6,0.1,0
3.6,0.2,0
3.6,0.3,0
3.6,0.4,0
3.6,0.5,0
3.6,0.6,0
3.6,0.7,0
3.6,0.8,0
3.6,0.9,0
3.6,1,0
3.6,0,0.1
3.6,0.1,0.1
3.6,0.2,0.1
3.6,0.3,0.1
3.6,0.4,0.1
3.6,0.5,0.1
3.6,0.6,0.1
3.6,0.7,0.1
3.6,0.8,0.1
3.6,0.9,0.1
3.6,1,0.1
3.6,0,0.2
3.6,0.1,0.2
3.6,0.2,0.2
3.6,0.3,0.2
3.6,0.4,0.2
3.6,0.5,0.2
3.6,0.6,0.2
3.6,0.7,0.2
3.6,0.8,0.2
3.6,0.9,0.2
3.6,1,0.2
3.6,0,0.3
3.6,0.1,0.3
3.6,0.2,0.3
3.6,0.3,0.3
3.6,0.4,0.3
3.6,0.5,0.3
3.6,0.6,0.3
3.6,0.7,0.3
3.6,0.8,0.3
3.6,0.9,0.3
3.6,1,0.3
3.6,0,0.4
3.6,0.1,0.4
3.6,0.2,0.4
3.6,0.3,0.4
3.6,0.4,0.4
3.6,0.5,0.4
3.6,0.6,0.4
3.6,0.7,0.4
3.6,0.8,0.4
3.6,0.9,0.4
3.6,1,0.4
3.6,0,0.5
3.6,0.1,0.5
3.6,0.2,0.5
3.6,0.3,0.5
3.6,0.4,0.5
3.6,0.5,0.5
3.6,0.6,0.5
3.6,0.7,0.5
3.6,0.8,0.5
3.6,0.9,0.5
3.6,1,0.5
3.6,0,0.6
3.6,0.1,0.6
3.6,0.2,0.6
3.6,0.3,0.6
3.6,0.4,0.6
3.6,0.5,0.6
3.6,0.6,0.6
3.6,0.7,0.6
3.6,0.8,0.6
3.6,0.9,0.6
3.6,1,0.6
3.6,0,0.7
3.6,0.1,0.7
3.6,0.2,0.7
3.6,0.3,0.7
3.6,0.4,0.7
3.6,0.5,0.7
3.6,0.6,0.7
3.6,0.7,0.7
3.6,0.8,0.7
3.6,0.9,0.7
3.6,1,0.7
3.6,0,0.8
3.6,0.1,0.8
3.6,0.2,0.8
3.6,0.3,0.8
3.6,0.4,0.8
3.6,0.5,0.8
3.6,0.6,0.8
3.6,0.7,0.8
3.6,0.8,0.8
3.6,0.9,0.8
3.6,1,0.8
3.6,0,0.9
3.6,0.1,0.9
3.6,0.2,0.9
3.6,0.3,0.9
3.6,0.4,0.9
3.6,0.5,0.9
3.6,0.6,0.9
3.6,0.7,0.9
3.6,0.8,0.9
3.6,0.9,0.9
3.6,1,0.9
3.6,0,1
3.6,0.1,1
3.6,0.2,1
3.6,0.3,1
3.6,0.4,1
3.6,0.5,1
3.6,0.6,1
3.6,0.7,1
3.6,0.8,1
3.6,0.9,1
3.6,1,1
3.68,0,0
3.68,0.1,0
3.68,0.2,0
3.68,0.3,0
3.68,0.4,0
3.68,0.5,0
3.68,0.6,0
3.68,0.7,0
3.68,0.8,0
3.68,0.9,0
3.68,1,0
3.68,0,0.1
3.68,0.1,0.1
3.68,0.2,0.1
3.68,0.3,0.1
3.68,0.4,0.1
3.68,0.5,0.1
3.68,0.6,0.1
3.68,0.7,0.1
3.68,0.8,0.1
3.68,0.9,0.1
3.68,1,0.1
3.68,0,0.2
3.68,0.1,0.2
3.68,0.2,0.2
3.68,0.3,0.2
3.68,0.4,0.2
3.68,0.5,0.2
3.68,0.6,0.2
3.68,0.7,0.2
3.68,0.8,0.2
3.68,0.9,0.2
3.68,1,0.2
3.68,0,0.3
3.68,0.1,0.3
3.68,0.2,0.3
3.68,0.3,0.3
3.68,0.4,0.3
3.68,0.5,0.3
3.68,0.6,0.3
3.68,0.7,0.3
3.68,0.8,0.3
3.68,0.9,0.3
3.68,1,0.3
3.68,0,0.4
3.68,0.1,0.4
3.68,0.2,0.4
3.68,0.3,0.4
3.68,0.4,0.4
3.68,0.5,0.4
3.68,0.6,0.4
3.68,0.7,0.4
3.68,0.8,0.4
3.68,0.9,0.4
3.68,1,0.4
3.68,0,0.5
3.68,0.1,0.5
3.68,0.2,0.5
3.68,0.3,0.5
3.68,0.4,0.5
3.68,0.5,0.5
3.68,0.6,0.5
3.68,0.7,0.5
3.68,0.8,0.5
3.68,0.9,0.5
3.68,1,0.5
3.68,0,0.6
3.68,0.1,0.6
3.68,0.2,0.6
3.68,0.3,0.6
3.68,0.4,0.6
3.68,0.5,0.6
3.68,0.6,0.6
3.68,0.7,0.6
3.68,0.8,0.6
3.68,0.9,0.6
3.68,1,0.6
3.68,0,0.7
3.68,0.1,0.7
3.68,0.2,0.7
3.68,0.3,0.7
3.68,0.4,0.7
3.68,0.5,0.7
3.68,0.6,0.7
3.68,0.7,0.7
3.68,0.8,0.7
3.68,0.9,0.7
3.68,1,0.7
3.68,0,0.8
3.68,0.1,0.8
3.68,0.2,0.8
3.68,0.3,0.8
3.68,0.4,0.8
3.68,0.5,0.8
3.68,0.6,0.8
3.68,0.7,0.8
3.68,0.8,0.8
3.68,0.9,0.8
3.68,1,0.8
3.68,0,0.9
3.68,0.1,0.9
3.68,0.2,0.9
3.68,0.3,0.9
3.68,0.4,0.9
3.68,0.5,0.9
3.68,0.6,0.9
3.68,0.7,0.9
3.68,0.8,0.9
3.68,0.9,0.9
3.68,1,0.9
3.68,0,1
3.68,0.1,1
3.68,0.2,1
3.68,0.3,1
3.68,0.4,1
3.68,0.5,1
3.68,0.6,1
3.68,0.7,1
3.68,0.8,1
3.68,0.9,1
3.68,1,1
3.76,0,0
3.76,0.1,0
3.76,0.2,0
3.76,0.3,0
3.76,0.4,0
3.76,0.5,0
3.76,0.6,0
3.76,0.7,0
3.76,0.8,0
3.76,0.9,0
3.76,1,0
3.76,0,0.1
3.76,0.1,0.1
3.76,0.2,0.1
3.76,0.3,0.1
3.76,0.4,0.1
3.76,0.5,0.1
3.76,0.6,0.1
3.76,0.7,0.1
3.76,0.8,0.1
3.76,0.9,0.1
3.76,1,0.1
3.76,0,0.2
3.76,0.1,0.2
3.76,0.2,0.2
3.76,0.3,0.2
3.76,0.4,0.2
3.76,0.5,0.2
3.76,0.6,0.2
3.76,0.7,0.2
3.76,0.8,0.2
3.76,0.9,0.2
3.76,1,0.2
3.76,0,0.3
3.76,0.1,0.3
3.76,0.2,0.3
3.76,0.3,0.3
3.76,0.4,0.3
3.76,0.5,0.3
3.76,0.6,0.3
3.76,0.7,0.3
3.76,0.8,0.3
3.76,0.9,0.3
3.76,1,0.3
3.76,0,0.4
3.76,0.1,0.4
3.76,0.2,0.4
3.76,0.3,0.4
3.76,0.4,0.4
3.76,0.5,0.4
3.76,0.6,0.4
3.76,0.7,0.4
3.76,0.8,0.4
3.76,0.9,0.4
3.76,1,0.4
3.76,0,0.5
3.76,0.1,0.5
3.76,0.2,0.5
3.76,0.3,0.5
3.76,0.4,0.5
3.76,0.5,0.5
3.76,0.6,0.5
3.76,0.7,0.5
3.76,0.8,0.5
3.76,0.9,0.5
3.76,1,0.5
3.76,0,0.6
3.76,0.1,0.6
3.76,0.2,0.6
3.76,0.3,0.6
3.76,0.4,0.6
3.76,0.5,0.6
3.76,0.6,0.6
3.76,0.7,0.6
3.76,0.8,0.6
3.76,0.9,0.6
3.76,1,0.6
3.76,0,0.7
3.76,0.1,0.7
3.76,0.2,0.7
3.76,0.3,0.7
3.76,0.4,0.7
3.76,0.5,0.7
3.76,0.6,0.7
3.76,0.7,0.7
3.76,0.8,0.7
3.76,0.9,0.7
3.76,1,0.7
3.76,0,0.8
3.76,0.1,0.8
3.76,0.2,0.8
3.76,0.3,0.8
3.76,0.4,0.8
3.76,0.5,0.8
3.76,0.6,0.8
3.76,0.7,0.8
3.76,0.8,0.8
3.76,0.9,0.8
3.76,1,0.8
3.76,0,0.9
3.76,0.1,0.9
3.76,0.2,0.9
3.76,0.3,0.9
3.76,0.4,0.9
3.76,0.5,0.9
3.76,0.6,0.9
3.76,0.7,0.9
3.76,0.8,0.9
3.76,0.9,0.9
3.76,1,0.9
3.76,0,1
3.76,0.1,1
3.76,0.2,1
3.76,0.3,1
3.76,0.4,1
3.76,0.5,1
3.76,0.6,1
3.76,0.7,1
3.76,0.8,1
3.76,0.9,1
3.76,1,1
3.84,0,0
3.84,0.1,0
3.84,0.2,0
3.84,0.3,0
3.84,0.4,0
3.84,0.5,0
3.84,0.6,0
3.84,0.7,0
3.84,0.8,0
3.84,0.9,0
3.84,1,0
3.84,0,0.1
3.84,0.1,0.1
3.84,0.2,0.1
3.84,0.3,0.1
3.84,0.4,0.1
3.84,0.5,0.1
3.84,0.6,0.1
3.84,0.7,0.1
3.84,0.8,0.1
3.84,0.9,0.1
3.84,1,0.1
3.84,0,0.2
3.84,0.1,0.2
3.84,0.2,0.2
3.84,0.3,0.2
3.84,0.4,0.2
3.84,0.5,0.2
3.84,0.6,0.2
3.84,0.7,0.2
3.84,0.8,0.2
3.84,0.9,0.2
3.84,1,0.2
3.84,0,0.3
3.84,0.1,0.3
3.84,0.2,0.3
3.84,0.3,0.3
3.84,0.4,0.3
3.84,0.5,0.3
3.84,0.6,0.3
3.84,0.7,0.3
3.84,0.8,0.3
3.84,0.9,0.3
3.84,1,0.3
3.84,0,0.4
3.84,0.1,0.4
3.84,0.2,0.4
3.84,0.3,0.4
3.84,0.4,0.4
3.84,0.5,0.4
3.84,0.6,0.4
3.84,0.7,0.4
3.84,0.8,0.4
3.84,0.9,0.4
3.84,1,0.4
3.84,0,0.5
3.84,0.1,0.5
3.84,0.2,0.5
3.84,0.3,0.5
3.84,0.4,0.5
3.84,0.5,0.5
3.84,0.6,0.5
3.84,0.7,0.5
3.84,0.8,0.5
3.84,0.9,0.5
3.84,1,0.5
3.84,0,0.6
3.84,0.1,0.6
3.84,0.2,0.6
3.84,0.3,0.6
3.84,0.4,0.6
3.84,0.5,0.6
3.84,0.6,0.6
3.84,0.7,0.6
3.84,0.8,0.6
3.84,0.9,0.6
3.84,1,0.6
3.84,0,0.7
3.84,0.1,0.7
3.84,0.2,0.7
3.84,0.3,0.7
3.84,0.4,0.7
3.84,0.5,0.7
3.84,0.6,0.7
3.84,0.7,0.7
3.84,0.8,0.7
3.84,0.9,0.7
3.84,1,0.7
3.84,0,0.8
3.84,0.1,0.8
3.84,0.2,0.8
3.84,0.3,0.8
3.84,0.4,0.8
3.84,0.5,0.8
3.84,0.6,0.8
3.84,0.7,0.8
3.84,0.8,0.8
3.84,0.9,0.8
3.84,1,0.8
3.84,0,0.9
3.84,0.1,0.9
3.84,0.2,0.9
3.84,0.3,0.9
3.84,0.4,0.9
3.84,0.5,0.9
3.84,0.6,0.9
3.84,0.7,0.9
3.84,0.8,0.9
3.84,0.9,0.9
3.84,1,0.9
3.84,0,1
3.84,0.1,1
3.84,0.2,1
3.84,0.3,1
3.84,0.4,1
3.84,0.5,1
3.84,0.6,1
3.84,0.7,1
3.84,0.8,1
3.84,0.9,1
3.84,1,1
3.92,0,0
3.92,0.1,0
3.92,0.2,0
3.92,0.3,0
3.92,0.4,0
3.92,0.5,0
3.92,0.6,0
3.92,0.7,0
3.92,0.8,0
3.92,0.9,0
3.92,1,0
3.92,0,0.1
3.92,0.1,0.1
3.92,0.2,0.1
3.92,0.3,0.1
3.92,0.4,0.1
3.92,0.5,0.1
3.92,0.6,0.1
3.92,0.7,0.1
3.92,0.8,0.1
3.92,0.9,0.1
3.92,1,0.1
3.92,0,0.2
3.92,0.1,0.2
3.92,0.2,0.2
3.92,0.3,0.2
3.92,0.4,0.2
3.92,0.5,0.2
3.92,0.6,0.2
3.92,0.7,0.2
3.92,0.8,0.2
3.92,0.9,0.2
3.92,1,0.2
3.92,0,0.3
3.92,0.1,0.3
3.92,0.2,0.3
3.92,0.3,0.3
3.92,0.4,0.3
3.92,0.5,0.3
3.92,0.6,0.3
3.92,0.7,0.3
3.92,0.8,0.3
3.92,0.9,0.3
3.92,1,0.3
3.92,0,0.4
3.92,0.1,0.4
3.92,0.2,0.4
3.92,0.3,0.4
3.92,0.4,0.4
3.92,0.5,0.4
3.92,0.6,0.4
3.92,0.7,0.4
3.92,0.8,0.4
3.92,0.9,0.4
3.92,1,0.4
3.92,0,0.5
3.92,0.1,0.5
3.92,0.2,0.5
3.92,0.3,0.5
3.92,0.4,0.5
3.92,0.5,0.5
3.92,0.6,0.5
3.92,0.7,0.5
3.92,0.8,0.5
3.92,0.9,0.5
3.92,1,0.5
3.92,0,0.6
3.92,0.1,0.6
3.92,0.2,0.6
3.92,0.3,0.6
3.92,0.4,0.6
3.92,0.5,0.6
3.92,0.6,0.6
3.92,0.7,0.6
3.92,0.8,0.6
3.92,0.9,0.6
3.92,1,0.6
3.92,0,0.7
3.92,0.1,0.7
3.92,0.2,0.7
3.92,0.3,0.7
3.92,0.4,0.7
3.92,0.5,0.7
3.92,0.6,0.7
3.92,0.7,0.7
3.92,0.8,0.7
3.92,0.9,0.7
3.92,1,0.7
3.92,0,0.8
3.92,0.1,0.8
3.92,0.2,0.8
3.92,0.3,0.8
3.92,0.4,0.8
3.92,0.5,0.8
3.92,0.6,0.8
3.92,0.7,0.8
3.92,0.8,0.8
3.92,0.9,0.8
3.92,1,0.8
3.92,0,0.9
3.92,0.1,0.9
3.92,0.2,0.9
3.92,0.3,0.9
3.92,0.4,0.9
3.92,0.5,0.9
3.92,0.6,0.9
3.92,0.7,0.9
3.92,0.8,0.9
3.92,0.9,0.9
3.92,1,0.9
3.92,0,1
3.92,0.1,1
3.92,0.2,1
3.92,0.3,1
3.92,0.4,1
3.92,0.5,1
3.92,0.6,1
3.92,0.7,1
3.92,0.8,1
3.92,0.9,1
3.92,1,1
4,0,0
4,0.1,0
4,0.2,0
4,0.3,0
4,0.4,0
4,0.5,0
4,0.6,0
4,0.7,0
4,0.8,0
4,0.9,0
4,1,0
4,0,0.1
4,0.1,0.1
4,0.2,0.1
4,0.3,0.1
4,0.4,0.1
4,0.5,0.1
4,0.6,0.1
4,0.7,0.1
4,0.8,0.1
4,0.9,0.1
4,1,0.1
4,0,0.2
4,0.1,0.2
4,0.2,0.2
4,0.3,0.2
4,0.4,0.2
4,0.5,0.2
4,0.6,0.2
4,0.7,0.2
4,0.8,0.2
4,0.9,0.2
4,1,0.2
4,0,0.3
4,0.1,0.3
4,0.2,0.3
4,0.3,0.3
4,0.4,0.3
4,0.5,0.3
4,0.6,0.3
4,0.7,0.3
4,0.8,0.3
4,0.9,0.3
4,1,0.3
4,0,0.4
4,0.1,0.4
4,0.2,0.4
4,0.3,0.4
4,0.4,0.4
4,0.5,0.4
4,0.6,0.4
4,0.7,0.4
4,0.8,0.4
4,0.9,0.4
4,1,0.4
4,0,0.5
4,0.1,0.5
4,0.2,0.5
4,0.3,0.5
4,0.4,0.5
4,0.5,0.5
4,0.6,0.5
4,0.7,0.5
4,0.8,0.5
4,0.9,0.5
4,1,0.5
4,0,0.6
4,0.1,0.6
4,0.2,0.6
4,0.3,0.6
4,0.4,0.6
4,0.5,0.6
4,0.6,0.6
4,0.7,0.6
4,0.8,0.6
4,0.9,0.6
4,1,0.6
4,0,0.7
4,0.1,0.7
4,0.2,0.7
4,0.3,0.7
4,0.4,0.7
4,0.5,0.7
4,0.6,0.7
4,0.7,0.7
4,0.8,0.7
4,0.9,0.7
4,1,0.7
4,0,0.8
4,0.1,0.8
4,0.2,0.8
4,0.3,0.8
4,0.4,0.8
4,0.5,0.8
4,0.6,0.8
4,0.7,0.8
4,0.8,0.8
4,0.9,0.8
4,1,0.8
4,0,0.9
4,0.1,0.9
4,0.2,0.9
4,0.3,0.9
4,0.4,0.9
4,0.5,0.9
4,0.6,0.9
4,0.7,0.9
4,0.8,0.9
4,0.9,0.9
4,1,0.9
4,0,1
4,0.1,1
4,0.2,1
4,0.3,1
4,0.4,1
4,0.5,1
4,0.6,1
4,0.7,1
4,0.8,1
4,0.9,1
4,1,1